row_off,col_off,width,height,label,filename,longitude,latitude,pred_prob,decayed_prob,piecewise_decay,P_final,gaussian_decay,P_final_gauss_sub
2240,11584,64,64,0,patch_r2240_c11584_lbl0.tif,109.02041931598748,31.582218384901505,0.9699827,0.29137444961604214,0.0,0.9699827,1.9927641664435443e-05,0.9699627723583355
2624,9280,64,64,0,patch_r2624_c9280_lbl0.tif,108.27783349015829,31.502467556278,0.9161643,0.04685357279348061,0.0,0.9161643,2.396559253265315e-12,0.9161642999976035
3392,9152,64,64,0,patch_r3392_c9152_lbl0.tif,108.22884259622984,31.298856572654174,0.90435386,0.2405998807510947,0.0,0.90435386,6.682036200241803e-06,0.9043471779637997
3392,9600,64,64,0,patch_r3392_c9600_lbl0.tif,108.37194680858865,31.29488441967456,0.9128708,0.24291473421631773,0.0,0.9128708,6.694167303397726e-06,0.9128641058326966
3456,9280,64,64,0,patch_r3456_c9280_lbl0.tif,108.2690575017613,31.280675404413746,0.9223964,0.2758996369791244,0.0,0.9223964,1.9176587551266806e-05,0.9223772234124488
3456,9600,64,64,0,patch_r3456_c9600_lbl0.tif,108.37125238100596,31.27782108780961,0.96866053,0.2576828985240952,0.0,0.96866053,6.676082323471853e-06,0.9686538539176764
3520,10816,64,64,0,patch_r3520_c10816_lbl0.tif,108.75875196863356,31.249111957836707,0.97901356,0.26045824098507314,0.0,0.97901356,6.6809818581153635e-06,0.9790068790181419
3584,10816,64,64,0,patch_r3584_c10816_lbl0.tif,108.7579783446702,31.232049707022465,0.96139985,0.24013389992646067,0.0,0.96139985,3.786645381354165e-06,0.9613960633546186
3712,15232,64,64,0,patch_r3712_c15232_lbl0.tif,110.16426773398284,31.145004152504523,0.9065497,0.19511331785877167,0.0,0.9065497,9.917466168343428e-07,0.9065487082533832
3840,8960,64,64,0,patch_r3840_c8960_lbl0.tif,108.16294702293776,31.181045582379884,0.9167693,0.2437756285413233,0.0,0.9167693,6.650707533676019e-06,0.9167626492924663
3968,10176,64,64,0,patch_r3968_c10176_lbl0.tif,108.54933782958042,31.135945153660455,0.9846955,0.2618405519894417,0.0,0.9846955,6.651359619299477e-06,0.9846888486403806
4160,10368,64,64,0,patch_r4160_c10368_lbl0.tif,108.60831729229992,31.08289710124477,0.9585001,0.28665020335443503,0.0,0.9585001,1.9147427010755163e-05,0.9584809525729893
4224,10432,64,64,0,patch_r4224_c10432_lbl0.tif,108.62796038198668,31.065206831966417,0.9518477,0.20504205256133418,0.0,0.9518477,9.995905801289994e-07,0.9518467004094199
4288,9024,64,64,0,patch_r4288_c9024_lbl0.tif,108.17878547822627,31.0610155916962,0.99479043,0.2486460661035995,0.0,0.99479043,3.8103038431022723e-06,0.9947866196961569
4416,12608,64,64,0,patch_r4416_c12608_lbl0.tif,109.3181726373588,30.990771109161848,0.93656695,0.2813031290423014,0.0,0.93656695,1.9906286342019417e-05,0.936547043713658
4480,8704,64,64,0,patch_r4480_c8704_lbl0.tif,108.07495588925616,31.012489065230007,0.9588731,0.28684022271061976,0.0,0.9588731,1.9194631497308435e-05,0.9588539053685027
4480,12736,64,64,0,patch_r4480_c12736_lbl0.tif,109.35799808716855,30.972213027986843,0.9388921,0.2134727807231371,0.0,0.9388921,1.6250705280339215e-06,0.938890474929472
4480,12800,64,64,0,patch_r4480_c12800_lbl0.tif,109.3783532313474,30.971461677471545,0.9463701,0.2514512321856845,0.0,0.9463701,6.604361424385534e-06,0.9463634956385756
4480,12864,64,64,0,patch_r4480_c12864_lbl0.tif,109.39870800719936,30.970706827073144,0.9608605,0.25523997442069685,0.0,0.9608605,6.590088339719415e-06,0.9608539099116603
4608,8320,64,64,0,patch_r4608_c8320_lbl0.tif,107.9514891411585,30.98145174084097,0.9224855,0.23064900829464735,0.0,0.9224855,3.821536213557718e-06,0.9224816784637864
4672,8320,64,64,0,patch_r4672_c8320_lbl0.tif,107.95088356580588,30.96437697769417,0.9197783,0.19824565085154416,0.0,0.9197783,1.004679011296879e-06,0.9197772953209887
4736,15104,64,64,0,patch_r4736_c15104_lbl0.tif,110.10669117716118,30.873836226496067,0.9402639,0.24970552701757157,0.0,0.9402639,6.575089361974416e-06,0.9402573249106381
4800,8320,64,64,0,patch_r4800_c8320_lbl0.tif,107.94967316007346,30.930225912863783,0.9168401,0.06068594851242061,0.0,0.9168401,2.442065579942341e-11,0.9168400999755794
5184,7232,64,64,0,patch_r5184_c7232_lbl0.tif,107.60039156749744,30.835873052920068,0.9912571,0.296614522807274,0.0,0.9912571,1.9245286097365463e-05,0.9912378547139027
5248,7808,64,64,0,patch_r5248_c7808_lbl0.tif,107.78282440908856,30.81462391055293,0.991488,0.22590173886565273,0.0,0.991488,1.655843741027969e-06,0.991486344156259
5312,7744,64,64,0,patch_r5312_c7744_lbl0.tif,107.76193014527834,30.798020333929447,0.97451484,0.29243307183624484,0.0,0.97451484,1.9742907068581154e-05,0.9744950970929314
5312,8512,64,64,0,patch_r5312_c8512_lbl0.tif,108.00580749971154,30.792064888147785,0.95503867,0.23898399086241678,0.0,0.95503867,3.8498169519613216e-06,0.955034820183048
5376,8448,64,64,0,patch_r5376_c8448_lbl0.tif,107.9848745699629,30.775500116763197,0.93656933,0.28107686853161407,0.0,0.93656933,1.9762204327011817e-05,0.936549567795673
5696,9344,64,64,0,patch_r5696_c9344_lbl0.tif,108.26595512988656,30.68256315732556,0.96099985,0.28843836997927674,0.0,0.96099985,1.9780451707340772e-05,0.9609800695482926
5696,9408,64,64,0,patch_r5696_c9408_lbl0.tif,108.28624832457449,30.68199927940797,0.974076,0.22189342643793666,0.0,0.974076,1.6530832651230056e-06,0.9740743469167349
5696,9472,64,64,0,patch_r5696_c9472_lbl0.tif,108.30654124456512,30.681431909375515,0.93464917,0.27956845317721934,0.0,0.93464917,1.9178975611385033e-05,0.9346299910243886
5760,9408,64,64,0,patch_r5760_c9408_lbl0.tif,108.2855765045059,30.664917214759708,0.9831213,0.29407851336801283,0.0,0.9831213,1.9185593875413927e-05,0.9831021144061246
5760,9472,64,64,0,patch_r5760_c9472_lbl0.tif,108.30586528205544,30.664349943057186,0.93537486,0.21301325859667,0.0,0.93537486,1.6486138380290642e-06,0.935373211386162
5824,8576,64,64,0,patch_r5824_c8576_lbl0.tif,108.02118032836908,30.654890175841825,0.90857416,0.2718101007812122,0.0,0.90857416,1.9205093062399912e-05,0.9085549549069376
6016,7296,64,64,0,patch_r6016_c7296_lbl0.tif,107.61376500925124,30.613332878974127,0.9790515,0.25971505853061566,0.0,0.9790515,6.509096659904842e-06,0.9790449909033401
6080,7296,64,64,0,patch_r6080_c7296_lbl0.tif,107.61323107023917,30.596245232775797,0.97569865,0.2443631311669808,0.0,0.97569865,3.879618413638656e-06,0.9756947703815864
6080,7808,64,64,0,patch_r6080_c7808_lbl0.tif,107.77543468353012,30.592534460400653,0.9687111,0.29067017633638037,0.0,0.9687111,1.972988870531007e-05,0.9686913701112947
6144,7296,64,64,0,patch_r6144_c7296_lbl0.tif,107.61269734927792,30.579157047854785,0.962851,0.2553113132841632,0.0,0.962851,6.484779766791746e-06,0.9628445152202332
6208,6784,64,64,0,patch_r6208_c6784_lbl0.tif,107.45001247057192,30.565554512922827,0.9003213,0.2701016242217327,0.0,0.9003213,1.969862583309817e-05,0.9003016013741669
6208,10496,64,64,0,patch_r6208_c10496_lbl0.tif,108.62525996411544,30.535221534456376,0.9665186,0.20865199345951133,0.0,0.9665186,1.0191856257459315e-06,0.9665175808143742
6272,10816,64,64,0,patch_r6272_c10816_lbl0.tif,108.72577110343887,30.514973279274333,0.9847877,0.261100911110178,0.0,0.9847877,6.478708436580391e-06,0.9847812212915634
6400,6656,64,64,0,patch_r6400_c6656_lbl0.tif,107.40799733597832,30.515119503913382,0.98374593,0.09284152758337536,0.0,0.98374593,5.946496307320129e-10,0.9837459294053503
6464,6784,64,64,0,patch_r6464_c6784_lbl0.tif,107.44801285877168,30.49719178554294,0.9882924,0.29574899904390883,0.0,0.9882924,1.925794335465262e-05,0.9882731420566453
6464,7040,64,64,0,patch_r6464_c7040_lbl0.tif,107.52902411885418,30.4954777871736,0.97122777,0.2913760437156008,0.0,0.97122777,1.969988302272618e-05,0.9712080701169773
6528,6784,64,64,0,patch_r6528_c6784_lbl0.tif,107.44751346561772,30.48009974262591,0.99041593,0.2971207963383216,0.0,0.99041593,1.9692815003036627e-05,0.990396237184997
6528,9792,64,64,0,patch_r6528_c9792_lbl0.tif,108.39896708069026,30.45644150938841,0.9867251,0.2951470379220027,0.0,0.9867251,1.9180054391620886e-05,0.9867059199456084
6656,8192,64,64,0,patch_r6656_c8192_lbl0.tif,107.89176172234968,30.435801887179192,0.92997605,0.2330826417532083,0.0,0.92997605,3.905283450138118e-06,0.9299721447165499
6720,7296,64,64,0,patch_r6720_c7296_lbl0.tif,107.60790365092106,30.425338936302843,0.9004134,0.2386345809150141,0.0,0.9004134,6.4553447057971915e-06,0.9004069446552943
6848,7424,64,64,0,patch_r6848_c7424_lbl0.tif,107.64729394580212,30.39024622219249,0.9395151,0.2818691569182405,0.0,0.9395151,1.970439085944778e-05,0.9394953956091406
6848,8832,64,64,0,patch_r6848_c8832_lbl0.tif,108.09221788146183,30.37937310631798,0.95606804,0.28689695871057475,0.0,0.95606804,1.9742544833581152e-05,0.9560482974551664
6912,8768,64,64,0,patch_r6912_c8768_lbl0.tif,108.07137085294283,30.36281108384403,0.9525206,0.2166489593572391,0.0,0.9525206,1.630312303583289e-06,0.9525189696876964
6976,6784,64,64,0,patch_r6976_c6784_lbl0.tif,107.44402340930462,30.36044005937122,0.9938194,0.2981261312562186,0.0,0.9938194,1.9683488895385043e-05,0.9937997165111047
6976,6848,64,64,0,patch_r6976_c6848_lbl0.tif,107.46424355536963,30.36001737138711,0.98696196,0.2240213746079789,0.0,0.98696196,1.6004148909251594e-06,0.9869603595851091
6976,8704,64,64,0,patch_r6976_c8704_lbl0.tif,108.05053205052586,30.3462448424092,0.96821755,0.29053146713947176,0.0,0.96821755,1.97356251489754e-05,0.968197814374851
6976,8768,64,64,0,patch_r6976_c8768_lbl0.tif,108.07074533450466,30.34571770850471,0.9836602,0.24664460452987141,0.0,0.9836602,3.920555752739552e-06,0.9836562794442473
7040,6848,64,64,0,patch_r7040_c6848_lbl0.tif,107.46374167327504,30.3429209908862,0.98145837,0.2937105948299184,0.0,0.98145837,1.9261895272698018e-05,0.9814391081047273
7104,7808,64,64,0,patch_r7104_c7808_lbl0.tif,107.76639332411597,30.319068205134684,0.98013395,0.2932645702248057,0.0,0.98013395,1.923255481538923e-05,0.9801147174451846
7168,7808,64,64,0,patch_r7168_c7808_lbl0.tif,107.76583019414296,30.301971864656597,0.9835653,0.21301795575772037,0.0,0.9835653,1.0492012448247828e-06,0.9835642507987552
7168,7872,64,64,0,patch_r7168_c7872_lbl0.tif,107.7860345347146,30.301493712049133,0.9930661,0.22532099207860262,0.0,0.9930661,1.59493415504483e-06,0.9930645050658449
7232,2560,64,64,0,patch_r7232_c2560_lbl0.tif,106.10822235717382,30.312233364578,0.9852046,0.29502706056298034,0.0,0.9852046,1.937706936797469e-05,0.985185222930632
7232,7744,64,64,0,patch_r7232_c7744_lbl0.tif,107.74506683141723,30.28534955565479,0.9262414,0.27788718849256216,0.0,0.9262414,1.9704613076489308e-05,0.9262216953869234
7232,7808,64,64,0,patch_r7232_c7808_lbl0.tif,107.7652672933267,30.284874963872117,0.977249,0.13605784746955396,0.0,0.977249,1.967458610108223e-08,0.977248980325414
7296,2624,64,64,0,patch_r7296_c2624_lbl0.tif,106.128206107991,30.2949386129164,0.9718532,0.21020091563273546,0.0,0.9718532,1.036686345220122e-06,0.9718521633136548
7296,2688,64,64,0,patch_r7296_c2688_lbl0.tif,106.14841536237248,30.294742515773464,0.9714144,0.07842493470763526,0.0,0.9714144,1.458843562756061e-10,0.9714143998541157
7296,3904,64,64,0,patch_r7296_c3904_lbl0.tif,106.53237120443444,30.29035523619607,0.98421973,0.2951099916064889,0.0,0.98421973,1.9601785756757594e-05,0.9842001282142432
7296,7616,64,64,0,patch_r7296_c7616_lbl0.tif,107.70411487428876,30.26919059797733,0.9588236,0.25391525099734774,0.0,0.9588236,6.40984314916664e-06,0.9588171901568509
7296,7680,64,64,0,patch_r7296_c7680_lbl0.tif,107.72431168279928,30.2687230444702,0.9432938,0.21443010221561468,0.0,0.9432938,1.6221081681365939e-06,0.9432921778918318
7296,8448,64,64,0,patch_r7296_c8448_lbl0.tif,107.9666553157622,30.262841081730656,0.9219197,0.24406884516927055,0.0,0.9219197,6.392490361871391e-06,0.9219133075096382
7296,8512,64,64,0,patch_r7296_c8512_lbl0.tif,107.98684906217476,30.262328309662017,0.9616736,0.287711666179304,0.0,0.9616736,1.9214872808468162e-05,0.9616543851271916
7360,2624,64,64,0,patch_r7360_c2624_lbl0.tif,106.12797649034314,30.277835951020275,0.95360214,0.2524861529021027,0.0,0.95360214,6.399262561377364e-06,0.9535957407374386
7360,2688,64,64,0,patch_r7360_c2688_lbl0.tif,106.1481816323722,30.27763988737671,0.9472103,0.21498264157208416,0.0,0.9472103,1.5993519889734535e-06,0.947208700648011
7360,7936,64,64,0,patch_r7360_c7936_lbl0.tif,107.8045259932794,30.249720182977885,0.9375555,0.2805212161349836,0.0,0.9375555,1.9230387455437885e-05,0.9375362696125445
7360,9536,64,64,0,patch_r7360_c9536_lbl0.tif,108.3092410430297,30.236555371630512,0.9016259,0.2697120428762654,0.0,0.9016259,1.9192660326681215e-05,0.9016067073396733
7360,9600,64,64,0,patch_r7360_c9600_lbl0.tif,108.32942626008484,30.23598357881592,0.94404817,0.2146117200064312,0.0,0.94404817,1.6227976545460734e-06,0.9440465472023454
7424,1024,64,64,0,patch_r7424_c1024_lbl0.tif,105.6226951801609,30.26450237243056,0.9838733,0.011684093841642193,0.0,0.9838733,4.708611803514097e-18,0.9838733
7424,1088,64,64,0,patch_r7424_c1088_lbl0.tif,105.6428980444265,30.2643933523733,0.9860681,0.046697706384548246,0.0,0.9860681,1.1999937040891968e-12,0.9860680999988
7424,3584,64,64,0,patch_r7424_c3584_lbl0.tif,106.43075169463756,30.25742686777083,0.9949803,0.29790146573871706,0.0,0.9949803,1.9346070371163843e-05,0.9949609539296289
7488,1088,64,64,0,patch_r7488_c1088_lbl0.tif,105.6427672445288,30.247288944333786,0.9877051,0.04685200892371804,0.0,0.9877051,1.2178368834341987e-12,0.9877050999987822
7488,1152,64,64,0,patch_r7488_c1152_lbl0.tif,105.66296594545686,30.24717646289469,0.9747182,0.13552326332988865,0.0,0.9747182,1.943809199173385e-08,0.974718180561908
7488,1216,64,64,0,patch_r7488_c1216_lbl0.tif,105.68316459150115,30.24706050148245,0.9866812,0.29572324032748387,0.0,0.9866812,1.9527495031255687e-05,0.9866616725049688
7488,3584,64,64,0,patch_r7488_c3584_lbl0.tif,106.43046063526263,30.240323648267047,0.98766255,0.29571591929667207,0.0,0.98766255,1.934926172594619e-05,0.987643200738274
7552,1088,64,64,0,patch_r7552_c1088_lbl0.tif,105.64263649784296,30.230183974177223,0.9851324,0.0727568622305357,0.0,0.9851324,6.546304096057835e-11,0.9851323999345369
7552,1152,64,64,0,patch_r7552_c1152_lbl0.tif,105.66283109034974,30.23007151191897,0.97630364,0.21135797597308198,0.0,0.97630364,1.045310608364378e-06,0.9763025946893916
7552,2112,64,64,0,patch_r7552_c2112_lbl0.tif,105.9657424602876,30.22796705988281,0.9772135,0.2926475190343322,0.0,0.9772135,1.9385088547299215e-05,0.9771941149114527
7552,3904,64,64,0,patch_r7552_c3904_lbl0.tif,106.53112455551432,30.221944350371704,0.99070907,0.29704958485190364,0.0,0.99070907,1.959811568613663e-05,0.9906894718843139
7616,1152,64,64,0,patch_r7616_c1152_lbl0.tif,105.66269629009288,30.21296599757343,0.9807678,0.24606049865384066,0.0,0.9807678,3.940852097303159e-06,0.9807638591479027
7616,2048,64,64,0,patch_r7616_c2048_lbl0.tif,105.94535657517652,30.211026527609565,0.9745009,0.29210378760757677,0.0,0.9745009,1.954625589708489e-05,0.9744813537441029
7616,2112,64,64,0,patch_r7616_c2112_lbl0.tif,105.96554606336043,30.21086190414113,0.9746446,0.22131031514619853,0.0,0.9746446,1.6059406345321884e-06,0.9746429940593654
7680,1152,64,64,0,patch_r7680_c1152_lbl0.tif,105.66256154465285,30.19585991862163,0.9670072,0.2092558990835261,0.0,0.9670072,1.0412952273820718e-06,0.9670061587047726
7744,1152,64,64,0,patch_r7744_c1152_lbl0.tif,105.6624268539962,30.178753273827237,0.96025133,0.28761323585378445,0.0,0.96025133,1.941264953379566e-05,0.9602319173504662
7744,1216,64,64,0,patch_r7744_c1216_lbl0.tif,105.68260907651045,30.17863739141316,0.98153484,0.293980486055758,0.0,0.98153484,1.9408157919102272e-05,0.9815154318420809
7744,2944,64,64,0,patch_r7744_c2944_lbl0.tif,106.22750229547428,30.17419408486568,0.9835851,0.24681378947669333,0.0,0.9835851,3.9475359704970454e-06,0.9835811524640294
7744,3008,64,64,0,patch_r7744_c3008_lbl0.tif,106.24768230797856,30.173980835771857,0.9861183,0.21336791821374454,0.0,0.9861183,1.0402621491009274e-06,0.9861172597378509
7808,1216,64,64,0,patch_r7808_c1216_lbl0.tif,105.68247033889334,30.161530199248983,0.97576004,0.21119903180863325,0.0,0.97576004,1.0434745348683792e-06,0.9757589965254652
7808,1280,64,64,0,patch_r7808_c1280_lbl0.tif,105.70264840331376,30.16141085954396,0.9813059,0.22269042752987142,0.0,0.9813059,1.5973698763120992e-06,0.9813043026301237
7808,1344,64,64,0,patch_r7808_c1344_lbl0.tif,105.72282640968405,30.16128804285185,0.97928953,0.2592018594810681,0.0,0.97928953,6.380282138917999e-06,0.979283149717861
7808,1408,64,64,0,patch_r7808_c1408_lbl0.tif,105.74300435633738,30.161161749185357,0.9812919,0.22280263214731513,0.0,0.9812919,1.6048337599312903e-06,0.9812902951662401
7808,1472,64,64,0,patch_r7808_c1472_lbl0.tif,105.76318224160713,30.161031978557563,0.9845026,0.22341052281903945,0.0,0.9845026,1.5970262745760175e-06,0.9845010029737254
7808,1536,64,64,0,patch_r7808_c1536_lbl0.tif,105.78336006382654,30.16089873098197,0.98804396,0.26151836017566255,0.0,0.98804396,6.380138726466904e-06,0.9880375798612736
7808,1600,64,64,0,patch_r7808_c1600_lbl0.tif,105.80353782132902,30.16076200647235,0.9958494,0.2982501216680433,0.0,0.9958494,1.9397776288749324e-05,0.9958300022237112
7808,2944,64,64,0,patch_r7808_c2944_lbl0.tif,106.2272528280052,30.15708764830348,0.98854417,0.2140968281423142,0.0,0.98854417,1.0492260294731839e-06,0.9885431207739706
7808,3008,64,64,0,patch_r7808_c3008_lbl0.tif,106.24742874014616,30.15687443546924,0.97599345,0.13552809767617915,0.0,0.97599345,1.9216880656695946e-08,0.9759934307831194
7808,3072,64,64,0,patch_r7808_c3072_lbl0.tif,106.26760454924776,30.15665774611811,0.96427387,0.2887294322383792,0.0,0.96427387,1.9359103919490416e-05,0.9642545108960805
7872,1216,64,64,0,patch_r7872_c1216_lbl0.tif,105.68233165765965,30.14442243875456,0.98114324,0.2462351039036111,0.0,0.98114324,3.952453012183538e-06,0.9811392875469878
7872,1280,64,64,0,patch_r7872_c1280_lbl0.tif,105.7025056220708,30.144303119332523,0.97347045,0.2209545121966107,0.0,0.97347045,1.6001183798181114e-06,0.9734688498816202
7872,1344,64,64,0,patch_r7872_c1344_lbl0.tif,105.72267952846715,30.14418032351425,0.9756267,0.2581410848503973,0.0,0.9756267,6.360013433020184e-06,0.9756203399865669
7872,1408,64,64,0,patch_r7872_c1408_lbl0.tif,105.74285337518302,30.14405405131235,0.97784585,0.2218339297329883,0.0,0.97784585,1.5927568891204947e-06,0.9778442572431109
7872,1472,64,64,0,patch_r7872_c1472_lbl0.tif,105.76302716055268,30.143924302740032,0.97848845,0.13998718605080723,0.0,0.97848845,2.513202592640905e-08,0.978488424867974
7872,1536,64,64,0,patch_r7872_c1536_lbl0.tif,105.78320088291044,30.143791077810583,0.9859154,0.09279841944326128,0.0,0.9859154,5.805453475666457e-10,0.9859153994194546
7872,1600,64,64,0,patch_r7872_c1600_lbl0.tif,105.80337454059072,30.143654376537967,0.98233664,0.14055044425846533,0.0,0.98233664,2.5152501042334925e-08,0.9823366148474989
7872,1664,64,64,0,patch_r7872_c1664_lbl0.tif,105.82354813192784,30.143514198936256,0.9950395,0.22577859041058948,0.0,0.9950395,1.595560188300573e-06,0.9950379044398117
7872,1728,64,64,0,patch_r7872_c1728_lbl0.tif,105.84372165525632,30.14337054501991,0.997654,0.26403799789239035,0.0,0.997654,6.374927306594697e-06,0.9976476250726934
7872,1792,64,64,0,patch_r7872_c1792_lbl0.tif,105.86389510891055,30.14322341480389,0.9785498,0.2589129124216582,0.0,0.9785498,6.35966073158104e-06,0.9785434403392684
7872,2880,64,64,0,patch_r7872_c2880_lbl0.tif,106.20683154715456,30.14019034343939,0.9851896,0.2953394001131241,0.0,0.9851896,1.956515036801673e-05,0.985170034849632
7872,2944,64,64,0,patch_r7872_c2944_lbl0.tif,106.22700346190976,30.13998064278328,0.9773638,0.2585937101342335,0.0,0.9773638,6.358465590426337e-06,0.9773574415344096
7872,3008,64,64,0,patch_r7872_c3008_lbl0.tif,106.24717527535311,30.13976746617849,0.9778611,0.22179244815682203,0.0,0.9778611,1.5898553721851658e-06,0.9778595101446279
7872,3072,64,64,0,patch_r7872_c3072_lbl0.tif,106.26734698581988,30.139550813647155,0.9851537,0.14090464862017538,0.0,0.9851537,2.5074154204298956e-08,0.9851536749258458
7872,3136,64,64,0,patch_r7872_c3136_lbl0.tif,106.28751859164544,30.13933068521165,0.9840591,0.22324471539220633,0.0,0.9840591,1.592837080581556e-06,0.9840575071629194
7872,3200,64,64,0,patch_r7872_c3200_lbl0.tif,106.30769009116524,30.13910708089479,0.97625333,0.2583670452732821,0.0,0.97625333,6.373356477038759e-06,0.976246956643523
7872,5824,64,64,0,patch_r7872_c5824_lbl0.tif,107.13460950758204,30.12694690007106,0.96578825,0.28965157714794065,0.0,0.96578825,1.9643315168492678e-05,0.9657686066848316
7936,1216,64,64,0,patch_r7936_c1216_lbl0.tif,105.682193032775,30.127314108694744,0.99066937,0.2969105622466699,0.0,0.99066937,1.9522764839583242e-05,0.9906498472351604
7936,1472,64,64,0,patch_r7936_c1472_lbl0.tif,105.76287214251012,30.12681605728668,0.977874,0.292876158670682,0.0,0.977874,1.9403467765713564e-05,0.9778545965322343
7936,1536,64,64,0,patch_r7936_c1536_lbl0.tif,105.78304176667186,30.12668285498465,0.9771309,0.258515455570939,0.0,0.9771309,6.354784978660204e-06,0.9771245452150213
7936,1600,64,64,0,patch_r7936_c1600_lbl0.tif,105.80321132619552,30.12654617692968,0.97619355,0.2582672372189741,0.0,0.97619355,6.354734588003767e-06,0.976187195265412
7936,1664,64,64,0,patch_r7936_c1664_lbl0.tif,105.82338081941649,30.12640602313587,0.9934471,0.29776281380128966,0.0,0.9934471,1.9534420048721906e-05,0.9934275655799513
7936,2816,64,64,0,patch_r7936_c2816_lbl0.tif,106.18641846221864,30.1232889217831,0.97502285,0.29229031147804424,0.0,0.97502285,1.9564362481228723e-05,0.9750032856375188
7936,3072,64,64,0,patch_r7936_c3072_lbl0.tif,106.26708952703324,30.122443310922776,0.9871509,0.2955843235935313,0.0,0.9871509,1.9361989721172852e-05,0.9871315380102789
7936,3136,64,64,0,patch_r7936_c3136_lbl0.tif,106.2872570359524,30.122223219866303,0.98226744,0.294475971342295,0.0,0.98226744,1.9572670455258164e-05,0.9822478673295447
7936,8000,64,64,0,patch_r7936_c8000_lbl0.tif,107.81955525467812,30.09532977339287,0.9470839,0.25058218411024286,0.0,0.9470839,6.358469367334273e-06,0.9470775415306326
7936,8064,64,64,0,patch_r7936_c8064_lbl0.tif,107.83970972060116,30.094842178773472,0.9421804,0.2140073746201175,0.0,0.9421804,1.6105829543536056e-06,0.9421787894170457
8000,1152,64,64,0,patch_r8000_c1152_lbl0.tif,105.6618886385358,30.11032101151274,0.98833114,0.29620246540545986,0.0,0.98833114,1.951842766933749e-05,0.9883116215723307
8000,2752,64,64,0,patch_r8000_c2752_lbl0.tif,106.16601356998936,30.10638338393588,0.9288778,0.27845043120569635,0.0,0.9288778,1.9560181042295903e-05,0.9288582398189577
8000,3520,64,64,0,patch_r8000_c3520_lbl0.tif,106.40797378066958,30.103721892825,0.9776855,0.2931148512985292,0.0,0.9776855,1.9580189288295574e-05,0.9776659198107117
8000,7232,64,64,0,patch_r8000_c7232_lbl0.tif,107.5771606396961,30.08380561664839,0.9361553,0.2801365295721633,0.0,0.9361553,1.9251565750616598e-05,0.9361360484342494
8000,7936,64,64,0,patch_r8000_c7936_lbl0.tif,107.79883221918196,30.078710337105534,0.914378,0.12688005044072012,0.0,0.914378,1.9091905192147974e-08,0.9143779809080949
8000,8000,64,64,0,patch_r8000_c8000_lbl0.tif,107.8189828301206,30.07822629704035,0.9567438,0.0899921213293559,0.0,0.9567438,5.77042011831306e-10,0.9567437994229581
8000,8064,64,64,0,patch_r8000_c8064_lbl0.tif,107.8391332087422,30.07773878504861,0.9160928,0.12709733582981192,0.0,0.9160928,1.906399574998014e-08,0.9160927809360043
8000,8128,64,64,0,patch_r8000_c8128_lbl0.tif,107.85928335339068,30.077247801180512,0.90064406,0.26947454374310464,0.0,0.90064406,1.9228725436185447e-05,0.9006248312745638
8064,1088,64,64,0,patch_r8064_c1088_lbl0.tif,105.64159243609224,30.093323828358784,0.98991966,0.22468227569811217,0.0,0.98991966,1.599745812657595e-06,0.9899180602541873
8064,1152,64,64,0,patch_r8064_c1152_lbl0.tif,105.66175422129557,30.093211518974787,0.99151987,0.24890138776928789,0.0,0.99151987,3.961336767506857e-06,0.9915159086632325
8064,1984,64,64,0,patch_r8064_c1984_lbl0.tif,105.92385185664392,30.09143530845126,0.9857108,0.29519521421416384,0.0,0.9857108,1.9386859607154525e-05,0.9856914131403929
8064,2688,64,64,0,patch_r8064_c2688_lbl0.tif,106.14561686725835,30.089473730496792,0.9603948,0.2540374360554236,0.0,0.9603948,6.343490624522499e-06,0.9603884565093754
8064,2752,64,64,0,patch_r8064_c2752_lbl0.tif,106.16577678912996,30.08927455925044,0.9838021,0.24697011801487134,0.0,0.9838021,3.962220765206586e-06,0.9837981377792349
8064,3456,64,64,0,patch_r8064_c3456_lbl0.tif,106.38752921880062,30.08685438019285,0.9761338,0.2450477251749066,0.0,0.9761338,3.962603406038207e-06,0.976129837396594
8064,3520,64,64,0,patch_r8064_c3520_lbl0.tif,106.40768787730536,30.08661351947401,0.9886897,0.14165693702419596,0.0,0.9886897,2.5470324757450207e-08,0.9886896745296753
8064,3584,64,64,0,patch_r8064_c3584_lbl0.tif,106.42784641973029,30.08636918478561,0.9946576,0.2257573866487763,0.0,0.9946576,1.599729213126301e-06,0.9946560002707869
8064,7168,64,64,0,patch_r8064_c7168_lbl0.tif,107.55648830381756,30.06714291698166,0.92542344,0.20972839205786067,0.0,0.92542344,1.5782729835441388e-06,0.9254218617270165
8064,7232,64,64,0,patch_r8064_c7232_lbl0.tif,107.57663748593794,30.066700618764237,0.94302595,0.13472465168416656,0.0,0.94302595,2.481677959634112e-08,0.9430259251832204
8064,7296,64,64,0,patch_r8064_c7296_lbl0.tif,107.59678645575268,30.066254848631424,0.94266593,0.2136791714249109,0.0,0.94266593,1.5811421335230865e-06,0.9426643488578664
8064,7360,64,64,0,patch_r8064_c7360_lbl0.tif,107.61693521160537,30.065805606629088,0.90088713,0.23832419245725037,0.0,0.90088713,6.350043721805657e-06,0.9008807799562781
8064,7424,64,64,0,patch_r8064_c7424_lbl0.tif,107.63708375183964,30.06535289280364,0.95861304,0.24068241125496043,0.0,0.95861304,3.967508382359439e-06,0.9586090724916176
8064,7936,64,64,0,patch_r8064_c7936_lbl0.tif,107.79826411272816,30.061606202237925,0.9592224,0.20756198309985616,0.0,0.9592224,1.0408744850257468e-06,0.959221359125515
8064,8000,64,64,0,patch_r8064_c8000_lbl0.tif,107.81841063788008,30.06112224414584,0.95384043,0.13676498564877776,0.0,0.95384043,2.5640504107627644e-08,0.9538404043594959
8064,8064,64,64,0,patch_r8064_c8064_lbl0.tif,107.83855693085638,30.06063481471313,0.9361153,0.21254205499479104,0.0,0.9361153,1.6046152409317982e-06,0.9361136953847591
8128,1984,64,64,0,patch_r8128_c1984_lbl0.tif,105.92366428292256,30.074325543736983,0.9755786,0.292165362718214,0.0,0.9755786,1.9389537319627306e-05,0.9755592104626803
8128,2048,64,64,0,patch_r8128_c2048_lbl0.tif,105.94382105979798,30.07416461773853,0.95197666,0.2159293637846816,0.0,0.95197666,1.5903766373354737e-06,0.9519750696233626
8128,2112,64,64,0,patch_r8128_c2112_lbl0.tif,105.96397775886192,30.074000217877824,0.9506283,0.2515015756624883,0.0,0.9506283,6.354285343188286e-06,0.9506219457146567
8128,3456,64,64,0,patch_r8128_c3456_lbl0.tif,106.38724752303214,30.069745391843536,0.9881969,0.21411205282337917,0.0,0.9881969,1.0532227435243152e-06,0.9881958467772565
8128,3520,64,64,0,patch_r8128_c3520_lbl0.tif,106.40740209002094,30.069504571940207,0.9826292,0.2945966229906395,0.0,0.9826292,1.957996586577413e-05,0.9826096200341342
8128,7232,64,64,0,patch_r8128_c7232_lbl0.tif,107.57611454448543,30.04959504389235,0.9468399,0.2833408381825392,0.0,0.9468399,1.9255866580112825e-05,0.9468206441334198
8128,7296,64,64,0,patch_r8128_c7296_lbl0.tif,107.59625942868136,30.049149349221107,0.9704333,0.22030432476746015,0.0,0.9704333,1.6026812090785687e-06,0.970431697318791
8128,7360,64,64,0,patch_r8128_c7360_lbl0.tif,107.61640409904538,30.04870018326634,0.9518112,0.2517058956110763,0.0,0.9518112,6.329658251418391e-06,0.9518048703417485
8128,7424,64,64,0,patch_r8128_c7424_lbl0.tif,107.63654855392222,30.048247546074347,0.9843593,0.22305931503417784,0.0,0.9843593,1.5766380456079966e-06,0.9843577233619545
8128,7936,64,64,0,patch_r8128_c7936_lbl0.tif,107.7976962367948,30.04450148966561,0.9833686,0.24692196130294575,0.0,0.9833686,3.970992526630711e-06,0.9833646290074735
8128,8000,64,64,0,patch_r8128_c8000_lbl0.tif,107.81783867781527,30.04401761347846,0.9702763,0.29108116875003853,0.0,0.9702763,1.9694142608539708e-05,0.9702566058573915
8192,2048,64,64,0,patch_r8192_c2048_lbl0.tif,105.9436294710258,30.05705430554578,0.95863724,0.2075677485800773,0.0,0.95863724,1.046868022657197e-06,0.9586361931319773
8192,2112,64,64,0,patch_r8192_c2112_lbl0.tif,105.96378207893603,30.056889933531654,0.95616287,0.240068841810734,0.0,0.95616287,3.967746882220768e-06,0.9561589022531177
8192,3392,64,64,0,patch_r8192_c3392_lbl0.tif,106.36681535020024,30.05287313441526,0.9758185,0.2925452731882666,0.0,0.9758185,1.9574261779886277e-05,0.9757989257382201
8192,3456,64,64,0,patch_r8192_c3456_lbl0.tif,106.3869659416126,30.052635828112106,0.9628841,0.25464594667786394,0.0,0.9628841,6.332305065929838e-06,0.962877767694934
8192,7936,64,64,0,patch_r8192_c7936_lbl0.tif,107.79712859124164,30.02739619815797,0.9657637,0.20941751805729203,0.0,0.9657637,1.0607683983472928e-06,0.9657626392316017
8256,2048,64,64,0,patch_r8256_c2048_lbl0.tif,105.94343796001768,30.039943417360263,0.9673509,0.24289717857504123,0.0,0.9673509,3.970585137052069e-06,0.967346929414863
8256,2112,64,64,0,patch_r8256_c2112_lbl0.tif,105.96358647843452,30.039779073169505,0.9589408,0.21756825680642325,0.0,0.9589408,1.5942811213760415e-06,0.9589392057188787
8256,3328,64,64,0,patch_r8256_c3328_lbl0.tif,106.34639135562828,30.035996747795352,0.9561331,0.2866421153625923,0.0,0.9561331,1.9573292000652757e-05,0.9561135267079993
8256,4864,64,64,0,patch_r8256_c4864_lbl0.tif,106.82987571250383,30.02942740517388,0.9806254,0.2935527542315281,0.0,0.9806254,1.9315972234586225e-05,0.9806060840277654
8256,7872,64,64,0,patch_r8256_c7872_lbl0.tif,107.77642666810932,30.01077056943065,0.9351087,0.2805207067350097,0.0,0.9351087,1.9687671224849285e-05,0.9350890123287752
8256,7936,64,64,0,patch_r8256_c7936_lbl0.tif,107.79656117592856,30.010290326484764,0.9599853,0.2410928734194203,0.0,0.9599853,3.977284989748276e-06,0.9599813227150102
8320,2048,64,64,0,patch_r8320_c2048_lbl0.tif,105.94324652672638,30.02283195194886,0.9581209,0.2871835176303418,0.0,0.9581209,1.953987885921969e-05,0.9581013601211409
8320,3264,64,64,0,patch_r8320_c3264_lbl0.tif,106.32597553613472,30.019116232587518,0.94793236,0.28417707479362314,0.0,0.94793236,1.956925394791656e-05,0.9479127907460521
8320,7936,64,64,0,patch_r8320_c7936_lbl0.tif,107.79599399071556,29.993183873416008,0.9465491,0.28395419174692504,0.0,0.9465491,1.9688613844081212e-05,0.946529411386156
8384,1728,64,64,0,patch_r8384_c1728_lbl0.tif,105.8423523178836,30.00648927813366,0.98025733,0.29357131645210516,0.0,0.98025733,1.9392374020094806e-05,0.98023793762598
8384,1984,64,64,0,patch_r8384_c1984_lbl0.tif,105.92291474907564,30.005880725179715,0.96145505,0.2881760840031043,0.0,0.96145505,1.95357304610665e-05,0.9614355142695389
8384,3264,64,64,0,patch_r8384_c3264_lbl0.tif,106.32570655240062,30.002004816791388,0.97666615,0.29243537475630926,0.0,0.97666615,1.9356340911014258e-05,0.976646793659089
8384,8704,64,64,0,patch_r8384_c8704_lbl0.tif,108.03692484776408,29.970045342318265,0.9293564,0.24566285075542146,0.0,0.9293564,6.305389254563897e-06,0.9293500946107454
8448,1728,64,64,0,patch_r8448_c1728_lbl0.tif,105.84218146316576,29.989376524596256,0.9611846,0.24140847689484252,0.0,0.9611846,3.9794219789662065e-06,0.961180620578021
8448,1792,64,64,0,patch_r8448_c1792_lbl0.tif,105.8623180943658,29.989229618529617,0.96545345,0.2893682118124815,0.0,0.96545345,1.9531897634666057e-05,0.9654339181023653
8448,6400,64,64,0,patch_r8448_c6400_lbl0.tif,107.3118661168849,29.96953196846363,0.9938319,0.22520258781678812,0.0,0.9938319,1.5764331652760336e-06,0.9938303235668348
8448,6464,64,64,0,patch_r8448_c6464_lbl0.tif,107.33199321894676,29.96913174287588,0.9756,0.257960427829971,0.0,0.9756,6.321625612238223e-06,0.9755936783743878
8448,6528,64,64,0,patch_r8448_c6528_lbl0.tif,107.35212012928925,29.968728048361477,0.99197185,0.2622175636782465,0.0,0.99197185,6.306073530070714e-06,0.99196554392647
8448,6592,64,64,0,patch_r8448_c6592_lbl0.tif,107.37224684626077,29.968320884961777,0.9838726,0.2944458801814375,0.0,0.9838726,1.9269435189232552e-05,0.9838533305648107
8448,7232,64,64,0,patch_r8448_c7232_lbl0.tif,107.57350301729012,29.964058471639436,0.96259683,0.28805826597837764,0.0,0.96259683,1.92571800004015e-05,0.9625775728199996
8512,1728,64,64,0,patch_r8512_c1728_lbl0.tif,105.8420106777413,29.972263190243854,0.9679319,0.20978718636243313,0.0,0.9679319,1.0562066607081949e-06,0.9679308437933393
8512,6400,64,64,0,patch_r8512_c6400_lbl0.tif,107.31139744200854,29.952421982787587,0.99102587,0.29722617955410546,0.0,0.99102587,1.964660745498039e-05,0.991006223392545
8512,7296,64,64,0,patch_r8512_c7296_lbl0.tif,107.59310175217416,29.946504165781885,0.9897327,0.29687566542242544,0.0,0.9897327,1.9668854203557872e-05,0.9897130311457965
8576,1728,64,64,0,patch_r8576_c1728_lbl0.tif,105.84183996156806,29.95514927384465,0.96588355,0.24263022615856822,0.0,0.96588355,3.985563641153123e-06,0.9658795644363589
8640,1728,64,64,0,patch_r8640_c1728_lbl0.tif,105.84166931460392,29.938034774167104,0.95374805,0.2067234258641217,0.0,0.95374805,1.0566855507202455e-06,0.9537469933144492
8640,2176,64,64,0,patch_r8640_c2176_lbl0.tif,105.98253847781076,29.93693409874516,0.9761495,0.2923207331693767,0.0,0.9761495,1.938022637097697e-05,0.9761301197736291
8704,1728,64,64,0,patch_r8704_c1728_lbl0.tif,105.84149873680684,29.92091968997997,0.96417445,0.2186217375509809,0.0,0.96417445,1.5855170965028022e-06,0.9641728644829035
8704,2176,64,64,0,patch_r8704_c2176_lbl0.tif,105.9823393540765,29.91981920001049,0.9635889,0.24209652839184226,0.0,0.9635889,3.9918982955316675e-06,0.9635849081017044
8704,7232,64,64,0,patch_r8704_c7232_lbl0.tif,107.57141760388718,29.89561870256927,0.9712812,0.2913311750262984,0.0,0.9712812,1.9662862338407603e-05,0.9712615371376615
8768,2176,64,64,0,patch_r8768_c2176_lbl0.tif,105.98214031103308,29.902703715381108,0.9650977,0.25502998512419645,0.0,0.9650977,6.287484372452906e-06,0.9650914125156275
8896,3968,64,64,0,patch_r8896_c3968_lbl0.tif,106.54471754028138,29.86237258072511,0.9843717,0.29511730707258393,0.0,0.9843717,1.9578935807256133e-05,0.9843521210641927
8960,3968,64,64,0,patch_r8960_c3968_lbl0.tif,106.5444047675556,29.845256355635733,0.99287933,0.22486719590587295,0.0,0.99287933,1.568911323161026e-06,0.9928777610886768
8960,4032,64,64,0,patch_r8960_c4032_lbl0.tif,106.56450532866992,29.844988337737185,0.98969066,0.22419535359067386,0.0,0.98969066,1.5720844004448396e-06,0.9896890879155996
9024,1984,64,64,0,patch_r9024_c1984_lbl0.tif,105.92104622554974,29.834727929622,0.9902879,0.2616634418270807,0.0,0.9902879,6.2824848138084805e-06,0.9902816175151862
9024,4032,64,64,0,patch_r9024_c4032_lbl0.tif,106.5641886147904,29.827871565973386,0.9979436,0.2987727140432478,0.0,0.9979436,1.9336762704235966e-05,0.9979242632372958
9024,4096,64,64,0,patch_r9024_c4096_lbl0.tif,106.5842849799344,29.827600128078476,0.98452383,0.29474711083934996,0.0,0.98452383,1.9332110883094628e-05,0.9845044978891169
9088,1984,64,64,0,patch_r9088_c1984_lbl0.tif,105.92085978923024,29.81760941449563,0.9919743,0.262012501058162,0.0,0.9919743,6.261691471965519e-06,0.991968038308528
9088,2048,64,64,0,patch_r9088_c2048_lbl0.tif,105.94095537196178,29.817448895000933,0.9935359,0.29753050353063526,0.0,0.9935359,1.9382093816033174e-05,0.993516517906184
9088,4096,64,64,0,patch_r9088_c4096_lbl0.tif,106.58396432819345,29.810482808917456,0.95295876,0.2857021399815701,0.0,0.95295876,1.9580488530330744e-05,0.9529391795114697
9152,6528,64,64,0,patch_r9152_c6528_lbl0.tif,107.3468856160466,29.780487322704094,0.95007205,0.2849294672042652,0.0,0.95007205,1.9637960721684588e-05,0.9500524120392783
9216,4672,64,64,0,patch_r9216_c4672_lbl0.tif,106.76407493195528,29.77364883263748,0.9752058,0.25759075429450085,0.0,0.9752058,6.263301054300584e-06,0.9751995366989457
9216,6400,64,64,0,patch_r9216_c6400_lbl0.tif,107.30625452985984,29.7641732711446,0.9755558,0.29256390712145086,0.0,0.9755558,1.9632999876786993e-05,0.9755361670001231
9280,896,64,64,0,patch_r9280_c896_lbl0.tif,105.57887314587094,29.768447857712577,0.9832166,0.25963079740270745,0.0,0.9832166,6.246840815022519e-06,0.9832103531591849
9280,4672,64,64,0,patch_r9280_c4672_lbl0.tif,106.76371812280384,29.756530162058283,0.9429764,0.28229127401388593,0.0,0.9429764,1.932142009776307e-05,0.9429570785799023
9344,3136,64,64,0,patch_r9344_c3136_lbl0.tif,106.28152957554164,29.745712205448385,0.9776424,0.2930579131125117,0.0,0.9776424,1.9553742586701234e-05,0.9776228462574134
9344,4736,64,64,0,patch_r9344_c4736_lbl0.tif,106.78343614099052,29.73910506330432,0.995171,0.2979084107503311,0.0,0.995171,1.9316785364451172e-05,0.9951516832146355
9408,4736,64,64,0,patch_r9408_c4736_lbl0.tif,106.78307556333016,29.72198524613688,0.997561,0.25088281589558054,0.0,0.997561,4.0280176744291905e-06,0.9975569719823256
9472,4736,64,64,0,patch_r9472_c4736_lbl0.tif,106.7827151314289,29.704864828228757,0.9984201,0.25112221771648124,0.0,0.9984201,4.031388630460247e-06,0.9984160686113696
9472,7232,64,64,0,patch_r9472_c7232_lbl0.tif,107.56518158873418,29.69024250989701,0.94622785,0.28316117597814094,0.0,0.94622785,1.925800447407239e-05,0.9462085919955259
9536,4672,64,64,0,patch_r9536_c4672_lbl0.tif,106.76229232827384,29.688049485027268,0.9967745,0.2988482309707193,0.0,0.9967745,1.958632549187591e-05,0.9967549136745081
9536,4736,64,64,0,patch_r9536_c4736_lbl0.tif,106.78235484519834,29.68774380835381,0.9978138,0.21633001177247654,0.0,0.9978138,1.059124092658416e-06,0.9978127408759073
9536,6144,64,64,0,patch_r9536_c6144_lbl0.tif,107.2236904869002,29.680143590743885,0.99247086,0.29761783005722003,0.0,0.99247086,1.962183524439414e-05,0.9924512381647556
9536,7232,64,64,0,patch_r9536_c7232_lbl0.tif,107.5646632855079,29.673123930376477,0.9077197,0.1295409486698587,0.0,0.9077197,2.457721357234654e-08,0.9077196754227864
9536,7296,64,64,0,patch_r9536_c7296_lbl0.tif,107.58471870313892,29.67267988007689,0.9501216,0.21498091133031405,0.0,0.9501216,1.5556728362784144e-06,0.9501200443271637
9600,4736,64,64,0,patch_r9600_c4736_lbl0.tif,106.7819947045502,29.670622185286124,0.9963206,0.2987146535334231,0.0,0.9963206,1.9587805910951774e-05,0.9963010121940891
9600,7104,64,64,0,patch_r9600_c7104_lbl0.tif,107.52404182590496,29.65688232417266,0.90078354,0.20414051454322668,0.0,0.90078354,1.5780124000195924e-06,0.9007819619876001
9600,7232,64,64,0,patch_r9600_c7232_lbl0.tif,107.56414519164244,29.65600474563093,0.9241416,0.24387385393061134,0.0,0.9241416,6.210663929069705e-06,0.924135389336071
9600,7296,64,64,0,patch_r9600_c7296_lbl0.tif,107.5841965614765,29.65556076936236,0.9591819,0.2169628438446979,0.0,0.9591819,1.5512845731557826e-06,0.9591803487154269
9664,6720,64,64,0,patch_r9664_c6720_lbl0.tif,107.40324132686057,29.64231170241224,0.90766114,0.20562331684384677,0.0,0.90766114,1.5727843766587541e-06,0.9076595672156234
9728,1408,64,64,0,patch_r9728_c1408_lbl0.tif,105.73850145637245,29.647678024842648,0.9926542,0.29748066203367163,0.0,0.9926542,1.9508142897483485e-05,0.9926346918571025
9728,4160,64,64,0,patch_r9728_c4160_lbl0.tif,106.60081653444716,29.6390023361294,0.9945181,0.29814631705055833,0.0,0.9945181,1.957130884463678e-05,0.9944985286911553
9728,4224,64,64,0,patch_r9728_c4224_lbl0.tif,106.62086800369995,29.63872447987947,0.9891566,0.296128987103815,0.0,0.9891566,1.9329124149058256e-05,0.989137270875851
9728,5440,64,64,0,patch_r9728_c5440_lbl0.tif,107.00181893015768,29.63278812153752,0.92484766,0.2768312758324872,0.0,0.92484766,1.9300740397983878e-05,0.9248283592596019
9728,7808,64,64,0,patch_r9728_c7808_lbl0.tif,107.74349142476925,29.61764565941836,0.901512,0.20391803491278407,0.0,0.901512,1.5512760717071963e-06,0.9015104487239283
9728,11456,64,64,0,patch_r9728_c11456_lbl0.tif,108.88543976664704,29.585059377811174,0.94351035,0.2821996933216011,0.0,0.94351035,1.9167187516059085e-05,0.943491182812484
9792,5440,64,64,0,patch_r9792_c5440_lbl0.tif,107.00141471263431,29.61566527908907,0.9179298,0.23098246077040832,0.0,0.9179298,4.047939136505382e-06,0.9179257520608635
9792,5504,64,64,0,patch_r9792_c5504_lbl0.tif,107.02145918046246,29.615318315491667,0.9319381,0.2108499903635647,0.0,0.9319381,1.5545710571537901e-06,0.9319365454289429
9792,7936,64,64,0,patch_r9792_c7936_lbl0.tif,107.78301191808949,29.599572163415072,0.9834991,0.07909347852192203,0.0,0.9834991,1.4088453220377865e-10,0.9834990998591154
9792,10240,64,64,0,patch_r9792_c10240_lbl0.tif,108.50418233321538,29.58005170531525,0.9655925,0.2897028128318885,0.0,0.9655925,1.9710531319076795e-05,0.9655727894686809
9856,704,64,64,0,patch_r9856_c704_lbl0.tif,105.51767698317258,29.614618336219348,0.9720138,0.25652887548231296,0.0,0.9720138,6.2154411607866285e-06,0.9720075845588393
9856,5952,64,64,0,patch_r9856_c5952_lbl0.tif,107.16132934190048,29.595669793699123,0.98767823,0.2961623903036714,0.0,0.98767823,1.961095897361888e-05,0.9876586190410264
9856,6016,64,64,0,patch_r9856_c6016_lbl0.tif,107.18136840185996,29.595295234730127,0.99460053,0.2624562142618529,0.0,0.99460053,6.208277390536251e-06,0.9945943217226095
9856,10176,64,64,0,patch_r9856_c10176_lbl0.tif,108.48345145452517,29.56353676249365,0.9490796,0.21504331299279988,0.0,0.9490796,1.5752203669598168e-06,0.9490780247796331
9856,10240,64,64,0,patch_r9856_c10240_lbl0.tif,108.50347528933382,29.562934173899897,0.9438704,0.13517562214738058,0.0,0.9438704,2.5369279842769556e-08,0.9438703746307202
9856,10304,64,64,0,patch_r9856_c10304_lbl0.tif,108.5234988389959,29.562328132088112,0.93046427,0.21035530945764983,0.0,0.93046427,1.5438890289041007e-06,0.930462726110971
9920,704,64,64,0,patch_r9920_c704_lbl0.tif,105.51757246697292,29.597491601433564,0.98369515,0.2947648806511177,0.0,0.98369515,1.9489739580068173e-05,0.9836756602604199
9920,5568,64,64,0,patch_r9920_c5568_lbl0.tif,107.04067936359412,29.58072061460754,0.9814942,0.2937881922206398,0.0,0.9814942,1.9301399184184673e-05,0.9814748986008158
9920,5696,64,64,0,patch_r9920_c5696_lbl0.tif,107.08075129513072,29.58000963740564,0.9183386,0.2753605365674685,0.0,0.9183386,1.960463463012018e-05,0.9183189953653699
9920,5952,64,64,0,patch_r9920_c5952_lbl0.tif,107.16089311103612,29.578546210306627,0.95726424,0.2865210557087237,0.0,0.95726424,1.92926450678796e-05,0.9572449473549322
9920,6016,64,64,0,patch_r9920_c6016_lbl0.tif,107.1809281290126,29.578171713601236,0.990258,0.24923357600418108,0.0,0.990258,4.055382467913576e-06,0.990253944617532
9920,7936,64,64,0,patch_r9920_c7936_lbl0.tif,107.78188873568078,29.565330001878632,0.918971,0.19930998731534846,0.0,0.918971,1.0626411968076766e-06,0.9189699373588032
9920,9152,64,64,0,patch_r9920_c9152_lbl0.tif,108.1623944635216,29.55558872535464,0.92684364,0.08674542419865777,0.0,0.92684364,5.516834588292723e-10,0.9268436394483165
9920,9280,64,64,0,patch_r9920_c9280_lbl0.tif,108.20244248637933,29.554490795308705,0.94315815,0.21324086288210764,0.0,0.94315815,1.544917352486485e-06,0.9431566050826475
9984,2048,64,64,0,patch_r9984_c2048_lbl0.tif,105.93829638558068,29.5777272129808,0.9977628,0.2990294325464515,0.0,0.9977628,1.9518605211479312e-05,0.9977432813947885
9984,5632,64,64,0,patch_r9984_c5632_lbl0.tif,107.0602995618138,29.563242356772665,0.9480814,0.20593752250464203,0.0,0.9480814,1.0773324201128637e-06,0.9480803226675798
9984,7936,64,64,0,patch_r9984_c7936_lbl0.tif,107.78132748429374,29.548208001820537,0.91042125,0.22917683789996207,0.0,0.91042125,4.061281689554585e-06,0.9104171887183105
9984,9088,64,64,0,patch_r9984_c9088_lbl0.tif,108.14173617758364,29.53901203643206,0.9505073,0.0234364365274193,0.0,0.9505073,3.3748312843880887e-15,0.9505072999999967
9984,9152,64,64,0,patch_r9984_c9152_lbl0.tif,108.16175654196608,29.538468342055136,0.92424345,0.022818752474452482,0.0,0.92424345,3.4148868589589067e-15,0.9242434499999965
9984,9216,64,64,0,patch_r9984_c9216_lbl0.tif,108.18177664912298,29.537921194620285,0.9188939,0.07912394765041228,0.0,0.9188939,2.6057387703429785e-10,0.9188938997394261
9984,10240,64,64,0,patch_r9984_c10240_lbl0.tif,108.502062056838,29.528697265608333,0.91597056,0.19908958600040316,0.0,0.91597056,1.0835379442507396e-06,0.9159694764620557
10048,8832,64,64,0,patch_r10048_c8832_lbl0.tif,108.0610346790066,29.52403083806319,0.9088691,0.1263077231396684,0.0,0.9088691,1.935520936711842e-08,0.9088690806447907
10112,256,64,64,0,patch_r10112_c256_lbl0.tif,105.3770347697648,29.54664776768206,0.97298765,0.2566162943372024,0.0,0.97298765,6.178595735253128e-06,0.9729814714042647
10112,320,64,64,0,patch_r10112_c320_lbl0.tif,105.39706693229458,29.546580989234787,0.9563941,0.2864680531673757,0.0,0.9563941,1.9418828363174976e-05,0.9563746811716368
10112,5632,64,64,0,patch_r10112_c5632_lbl0.tif,107.05946836207224,29.528991523739244,0.9833698,0.2593239285606353,0.0,0.9833698,6.172046991948048e-06,0.983363627953008
10112,8832,64,64,0,patch_r10112_c8832_lbl0.tif,108.06041742670384,29.506908777165066,0.93869483,0.21254534827899257,0.0,0.93869483,1.5655838942868097e-06,0.9386932644161057
10112,8960,64,64,0,patch_r10112_c8960_lbl0.tif,108.10044380194502,29.50584591317693,0.90224546,0.20390289712238974,0.0,0.90224546,1.5389353747919108e-06,0.9022439210646253
10176,9792,64,64,0,patch_r10176_c9792_lbl0.tif,108.35991265424023,29.481479435838832,0.92132777,0.27639226983064785,0.0,0.92132777,1.9691304170626073e-05,0.9213080786958293
10176,11008,64,64,0,patch_r10176_c11008_lbl0.tif,108.73996595253774,29.46984308691164,0.9319975,0.24575463846523668,0.0,0.9319975,6.167093032054653e-06,0.931991332906968
10240,768,64,64,0,patch_r10240_c768_lbl0.tif,105.5370743401287,29.511757829576155,0.98634964,0.24832932182591066,0.0,0.98634964,4.067073811486505e-06,0.9863455729261885
10240,5824,64,64,0,patch_r10240_c5824_lbl0.tif,107.1186844051926,29.49365711039744,0.98833686,0.2606568192686286,0.0,0.98833686,6.1769567791442365e-06,0.9883306830432208
10240,6336,64,64,0,patch_r10240_c6336_lbl0.tif,107.27880090060714,29.49062218553504,0.9580033,0.28672411022100747,0.0,0.9580033,1.928165472053477e-05,0.9579840183452795
10240,9472,64,64,0,patch_r10240_c9472_lbl0.tif,108.259224769421,29.46721220665483,0.9211452,0.20025151430885982,0.0,0.9211452,1.085351146381738e-06,0.9211441146488536
10240,11008,64,64,0,patch_r10240_c11008_lbl0.tif,108.73921233454544,29.45272308804986,0.9512814,0.23959140363878287,0.0,0.9512814,4.081013202165286e-06,0.9512773189867979
10304,768,64,64,0,patch_r10304_c768_lbl0.tif,105.53696603905176,29.49462743862754,0.98553526,0.24814696191292454,0.0,0.98553526,4.070419641602412e-06,0.9855311895803585
10304,4160,64,64,0,patch_r10304_c4160_lbl0.tif,106.59791173708976,29.48486546068634,0.97495306,0.2922665565805445,0.0,0.97495306,1.9562655649597433e-05,0.9749334973443504
10304,6336,64,64,0,patch_r10304_c6336_lbl0.tif,107.27834153262404,29.473495295452217,0.9556091,0.1363222998396667,0.0,0.9556091,2.449145391660043e-08,0.9556090755085461
10304,11520,64,64,0,patch_r10304_c11520_lbl0.tif,108.89838496858252,29.430332109101823,0.92765725,0.0742284433808115,0.0,0.92765725,1.3465092592046198e-10,0.927657249865349
10368,768,64,64,0,patch_r10368_c768_lbl0.tif,105.53685778164342,29.477496431509284,0.9813819,0.2471233842547195,0.0,0.9813819,4.073710811170163e-06,0.9813778262891889
10432,768,64,64,0,patch_r10432_c768_lbl0.tif,105.53674956787728,29.460364806998147,0.98490775,0.2139096236453825,0.0,0.98490775,1.0761032944374278e-06,0.9849066738967055
10496,768,64,64,0,patch_r10496_c768_lbl0.tif,105.53664139772695,29.44323256387092,0.97442293,0.2568455259437743,0.0,0.97442293,6.146365554526515e-06,0.9744167836344455
10496,832,64,64,0,patch_r10496_c832_lbl0.tif,105.556649035037,29.443138230132988,0.97949356,0.29350094443303526,0.0,0.97949356,1.9486795374633576e-05,0.9794740732046253
10496,5184,64,64,0,patch_r10496_c5184_lbl0.tif,106.91697718958508,29.42862438994415,0.9262091,0.20127785004057377,0.0,0.9262091,1.0817412306491462e-06,0.9262080182587693
10496,5952,64,64,0,patch_r10496_c5952_lbl0.tif,107.15697494182436,29.42440629838553,0.9773356,0.29252592982317416,0.0,0.9773356,1.9291023142292795e-05,0.9773163089768577
10560,5632,64,64,0,patch_r10560_c5632_lbl0.tif,107.0565644363202,29.40909417605752,0.9632575,0.28832423268546625,0.0,0.9632575,1.929825828894527e-05,0.963238201741711
10688,5184,64,64,0,patch_r10688_c5184_lbl0.tif,106.91581918029097,29.377231171405807,0.93217146,0.20264103213517348,0.0,0.93217146,1.084988457212062e-06,0.9321703750115428
10816,448,64,64,0,patch_r10816_c448_lbl0.tif,105.43616309122145,29.35798155815204,0.9709018,0.29090711099955796,0.0,0.9709018,1.947513408736508e-05,0.9708823248659126
10816,3584,64,64,0,patch_r10816_c3584_lbl0.tif,106.4154870128739,29.350151413196016,0.97578907,0.29215110372004843,0.0,0.97578907,1.9343434377009755e-05,0.975769726565623
10816,5056,64,64,0,patch_r10816_c5056_lbl0.tif,106.87508630960248,29.343620060215592,0.97211546,0.2914353585773874,0.0,0.97211546,1.9574405263672792e-05,0.9720958855947364
10880,2112,64,64,0,patch_r10880_c2112_lbl0.tif,105.9556346504282,29.33772267007957,0.99096686,0.26112551912942555,0.0,0.99096686,6.129281037506201e-06,0.9909607307189625
10880,2176,64,64,0,patch_r10880_c2176_lbl0.tif,105.975616839296,29.33755599793545,0.98957866,0.2965653847980965,0.0,0.98957866,1.9511936145438312e-05,0.9895591480638546
10880,4160,64,64,0,patch_r10880_c4160_lbl0.tif,106.59501746166224,29.33067856637965,0.9951109,0.2982959352087499,0.0,0.9951109,1.955472639406713e-05,0.995091345273606
10944,2048,64,64,0,patch_r10944_c2048_lbl0.tif,105.93546409694392,29.32074970370381,0.99769944,0.29899096741803227,0.0,0.99769944,1.9507166689974223e-05,0.99767993283331
10944,2112,64,64,0,patch_r10944_c2112_lbl0.tif,105.95544234257376,29.320586507417104,0.99880147,0.2630871274437787,0.0,0.99880147,6.107757557246269e-06,0.9987953622424427
11072,1024,64,64,0,patch_r11072_c1024_lbl0.tif,105.61555521076696,29.288616875554023,0.97120935,0.29101323866236245,0.0,0.97120935,1.9483554397090708e-05,0.9711898664456029
11072,1088,64,64,0,patch_r11072_c1088_lbl0.tif,105.63552643676906,29.28850889154008,0.9919225,0.224160098089594,0.0,0.9919225,1.5383574907954784e-06,0.9919209616425092
11072,1152,64,64,0,patch_r11072_c1152_lbl0.tif,105.6554976113374,29.288397460018256,0.9916905,0.2612433602313904,0.0,0.9916905,6.113922141292827e-06,0.9916843860778587
11072,1216,64,64,0,patch_r11072_c1216_lbl0.tif,105.67546873285592,29.28828258099976,0.97907263,0.293378596028921,0.0,0.97907263,1.9489055917995165e-05,0.979053140944082
11072,6656,64,64,0,patch_r11072_c6656_lbl0.tif,107.37264896186296,29.265919231623105,0.9116897,0.1983175851327157,0.0,0.9116897,1.0913606406302177e-06,0.9116886086393594
11136,1152,64,64,0,patch_r11136_c1152_lbl0.tif,105.65536577706588,29.271259064863717,0.98922217,0.21506457261277676,0.0,0.98922217,1.085965740240648e-06,0.9892210840342598
11136,4480,64,64,0,patch_r11136_c4480_lbl0.tif,106.69354711912338,29.26071607402618,0.95267963,0.28520054726131416,0.0,0.95267963,1.9324160966992465e-05,0.952660305839033
11136,5184,64,64,0,patch_r11136_c5184_lbl0.tif,106.913122591073,29.25729171147205,0.93243325,0.279120148614549,0.0,0.93243325,1.931213585301349e-05,0.932413937864147
11136,8704,64,64,0,patch_r11136_c8704_lbl0.tif,108.01067632397256,29.233917230891574,0.962505,0.21729285546219887,0.0,0.962505,1.5244545239933044e-06,0.9625034755454761
11136,8768,64,64,0,patch_r11136_c8768_lbl0.tif,108.03062584719864,29.233395806191066,0.9518788,0.25066691185157225,0.0,0.9518788,6.094473795265179e-06,0.9518727055262047
11136,8832,64,64,0,patch_r11136_c8832_lbl0.tif,108.05057512561572,29.232870938305588,0.9208079,0.2082482243180213,0.0,0.9208079,1.5489679627560548e-06,0.9208063510320372
11136,9600,64,64,0,patch_r11136_c9600_lbl0.tif,108.28994678690482,29.226303974457217,0.90880203,0.2719022305573879,0.0,0.90880203,1.922033001456901e-05,0.9087828096699855
11200,3648,64,64,0,patch_r11200_c3648_lbl0.tif,106.43373931479655,29.247087614570887,0.97009796,0.2904445656666636,0.0,0.97009796,1.93418637890777e-05,0.970078618136211
11200,5248,64,64,0,patch_r11200_c5248_lbl0.tif,106.93269448343074,29.239823051307283,0.96017474,0.28785259011687625,0.0,0.96017474,1.9572569267376407e-05,0.9601551674307327
11200,8704,64,64,0,patch_r11200_c8704_lbl0.tif,108.01007128917628,29.21678432835515,0.9568599,0.21632110264807267,0.0,0.9568599,1.5437852460525438e-06,0.9568583562147539
11200,8768,64,64,0,patch_r11200_c8768_lbl0.tif,108.03001680824904,29.21626298909554,0.94717693,0.2493302878330452,0.0,0.94717693,6.072862350910228e-06,0.9471708571376491
11264,2304,64,64,0,patch_r11264_c2304_lbl0.tif,106.0143559933832,29.234386377892758,0.9829281,0.2945669526732268,0.0,0.9829281,1.950875583161086e-05,0.9829085912441684
11264,3648,64,64,0,patch_r11264_c3648_lbl0.tif,106.43345110748392,29.229949107485684,0.9759352,0.13940265533256452,0.0,0.9759352,2.4779081525985956e-08,0.9759351752209184
11264,3712,64,64,0,patch_r11264_c3712_lbl0.tif,106.45340686165636,29.22969991108702,0.98069525,0.22163171490706846,0.0,0.98069525,1.538908079603424e-06,0.9806937110919204
11264,3776,64,64,0,patch_r11264_c3776_lbl0.tif,106.47336249837896,29.22944726960893,0.97468865,0.2921509014167323,0.0,0.97468865,1.9540739227965122e-05,0.9746691092607721
11264,8640,64,64,0,patch_r11264_c8640_lbl0.tif,107.98952473800138,29.200168599123156,0.9409344,0.28219453328261834,0.0,0.9409344,1.964138979710527e-05,0.9409147586102028
11264,12352,64,64,0,patch_r11264_c12352_lbl0.tif,109.1456957977748,29.164447431513462,0.9755288,0.29269463407725443,0.0,0.9755288,1.9717000968944334e-05,0.975509082999031
11264,12416,64,64,0,patch_r11264_c12416_lbl0.tif,109.1656208200222,29.16373007249401,0.93293583,0.21091401011129873,0.0,0.93293583,1.5438851510366646e-06,0.932934286114849
11328,3392,64,64,0,patch_r11328_c3392_lbl0.tif,106.35335489582266,29.213772141446867,0.9759774,0.29252084633522313,0.0,0.9759774,1.953091754876368e-05,0.9759578690824512
11328,3456,64,64,0,patch_r11328_c3456_lbl0.tif,106.373307093885,29.21353676419412,0.98712814,0.259928160118815,0.0,0.98712814,6.089985069739272e-06,0.9871220500149303
11328,3520,64,64,0,patch_r11328_c3520_lbl0.tif,106.3932591810107,29.21329794232968,0.9774728,0.22093968193342756,0.0,0.9774728,1.5411805407168678e-06,0.9774712588194593
11328,3584,64,64,0,patch_r11328_c3584_lbl0.tif,106.41321115558914,29.21305567587708,0.9066557,0.1295186040789325,0.0,0.9066557,2.479947224783658e-08,0.9066556752005277
11328,3648,64,64,0,patch_r11328_c3648_lbl0.tif,106.43316301600964,29.21280996486026,0.9701525,0.29078525152121587,0.0,0.9701525,1.953711411084387e-05,0.9701329628858891
11392,1856,64,64,0,patch_r11392_c1856_lbl0.tif,105.87429732057424,29.2012470635496,0.99390066,0.2978365399679859,0.0,0.99390066,1.9497733864520747e-05,0.9938811622661354
11392,2368,64,64,0,patch_r11392_c2368_lbl0.tif,106.03389814982336,29.19992921522229,0.9848216,0.2948981314216432,0.0,0.9848216,1.9368652643178922e-05,0.9848022313473568
11392,3328,64,64,0,patch_r11392_c3328_lbl0.tif,106.33313465330538,29.19686409909684,0.97060746,0.29090906062829264,0.0,0.97060746,1.9529526523480145e-05,0.9705879304734765
11392,7360,64,64,0,patch_r11392_c7360_lbl0.tif,107.58960022601774,29.17552959069877,0.9139288,0.010974574831122106,0.0,0.9139288,5.203142554185814e-18,0.9139288
11456,2368,64,64,0,patch_r11456_c2368_lbl0.tif,106.03369042917278,29.182788100687244,0.9851221,0.21428650089631607,0.0,0.9851221,1.0911474907761646e-06,0.9851210088525092
11456,4224,64,64,0,patch_r11456_c4224_lbl0.tif,106.61207639860824,29.176164142483454,0.9794616,0.25785299772794606,0.0,0.9794616,6.0780044174272725e-06,0.9794555219955826
11520,2304,64,64,0,patch_r11520_c2304_lbl0.tif,106.01354097715183,29.16582307628702,0.9937436,0.29780275936436795,0.0,0.9937436,1.950556312543703e-05,0.9937240944368745
11520,2368,64,64,0,patch_r11520_c2368_lbl0.tif,106.0334827919688,29.165646347539685,0.9826471,0.247855968686596,0.0,0.9826471,4.135460490666725e-06,0.9826429645395093
11520,4800,64,64,0,patch_r11520_c4800_lbl0.tif,106.79119526127704,29.15637938229021,0.9132966,0.23037615748828583,0.0,0.9132966,4.137507785392722e-06,0.9132924624922146
11520,8640,64,64,0,patch_r11520_c8640_lbl0.tif,107.987123993413,29.13162768752395,0.9864617,0.29583939942591575,0.0,0.9864617,1.9635909800479695e-05,0.9864420640901995
11520,11264,64,64,0,patch_r11520_c11264_lbl0.tif,108.80386458776066,29.10759116882857,0.9194512,0.2418735289809737,0.0,0.9194512,6.037194344929491e-06,0.9194451628056551
11584,2368,64,64,0,patch_r11584_c2368_lbl0.tif,106.03327523816114,29.14850395456126,0.97132283,0.29085914072704094,0.0,0.97132283,1.9370525029041157e-05,0.9713034594749709
11584,4800,64,64,0,patch_r11584_c4800_lbl0.tif,106.79083558852894,29.13923850401757,0.9617034,0.20926088190589076,0.0,0.9617034,1.0943663293303359e-06,0.9617023056336707
11584,4928,64,64,0,patch_r11584_c4928_lbl0.tif,106.83070218086334,29.13861316385605,0.93123275,0.20265436031605677,0.0,0.93123275,1.0955192190557285e-06,0.931231654480781
11584,8576,64,64,0,patch_r11584_c8576_lbl0.tif,107.96660239884434,29.115004800899403,0.96902597,0.21900879065073983,0.0,0.96902597,1.5398106739636428e-06,0.969024430189326
11584,8640,64,64,0,patch_r11584_c8640_lbl0.tif,107.98652440943933,29.114490851464776,0.97851163,0.25742654909292984,0.0,0.97851163,6.040658934742861e-06,0.9785055893410652
11584,8704,64,64,0,patch_r11584_c8704_lbl0.tif,108.0064461794548,29.11397346266676,0.97309506,0.24552505106372968,0.0,0.97309506,4.147366736461581e-06,0.9730909126332635
11584,12672,64,64,0,patch_r11584_c12672_lbl0.tif,109.24105949022972,29.07518060907689,0.9114256,0.23971325849073666,0.0,0.9114256,6.026092329006356e-06,0.9114195739076709
11648,1536,64,64,0,patch_r11648_c1536_lbl0.tif,105.77392235487544,29.133389150029224,0.99370474,0.29776147902815286,0.0,0.99370474,1.9488101104486115e-05,0.9936852518988954
11648,3264,64,64,0,patch_r11648_c3264_lbl0.tif,106.3121315990196,29.12852611005284,0.9699746,0.2907098171668183,0.0,0.9699746,1.9523745579396127e-05,0.9699550762544207
11648,3328,64,64,0,patch_r11648_c3328_lbl0.tif,106.3320639886422,29.12829780890786,0.96646255,0.2893667661292282,0.0,0.96646255,1.9348260495280418e-05,0.9664432017395047
11648,4736,64,64,0,patch_r11648_c4736_lbl0.tif,106.77054654675828,29.12240444061555,0.90420955,0.2710460284107273,0.0,0.90420955,1.9553959071214767e-05,0.9041899960409289
11648,4800,64,64,0,patch_r11648_c4800_lbl0.tif,106.79047606018106,29.12209698342993,0.9748191,0.22019748418403204,0.0,0.9748191,1.532241346551477e-06,0.9748175677586535
11648,4864,64,64,0,patch_r11648_c4864_lbl0.tif,106.8104054292906,29.121786085010296,0.9248077,0.2433143193019916,0.0,0.9248077,6.044276106806634e-06,0.9248016557238932
11648,4928,64,64,0,patch_r11648_c4928_lbl0.tif,106.83033465248228,29.121471745387147,0.940434,0.23726827073223308,0.0,0.940434,4.144858056637397e-06,0.9404298551419433
11648,12096,64,64,0,patch_r11648_c12096_lbl0.tif,109.06109905249598,29.06449944696963,0.9501303,0.28504686749493935,0.0,0.9501303,1.9700027517062408e-05,0.9501105999724829
11712,1408,64,64,0,patch_r11712_c1408_lbl0.tif,105.73390543982764,29.11650550097038,0.9902952,0.29673613305299723,0.0,0.9902952,1.9485923447779874e-05,0.9902757140765522
11712,3264,64,64,0,patch_r11712_c3264_lbl0.tif,106.31186820176744,29.11138289656776,0.98936474,0.2151399611281454,0.0,0.98936474,1.0879844429335653e-06,0.989363652015557
11712,3328,64,64,0,patch_r11712_c3328_lbl0.tif,106.3317965911158,29.111154632692116,0.9659922,0.28951822820066847,0.0,0.9659922,1.95249417395227e-05,0.9659726750582605
11776,3264,64,64,0,patch_r11776_c3264_lbl0.tif,106.31160491023662,29.09423903921168,0.9890076,0.24955741815343624,0.0,0.9890076,4.149972696110148e-06,0.9890034500273038
11776,10944,64,64,0,patch_r11776_c10944_lbl0.tif,108.70131604829648,29.04229424505228,0.9447007,0.2384565654718064,0.0,0.9447007,4.162391213693375e-06,0.9446965376087862
11840,9920,64,64,0,patch_r11840_c9920_lbl0.tif,108.3821969012705,29.03494301878291,0.9711636,0.21114865911086803,0.0,0.9711636,1.0864361001322995e-06,0.9711625135638999
11840,9984,64,64,0,patch_r11840_c9984_lbl0.tif,108.40209757351327,29.03435723553876,0.9224593,0.20093689554369729,0.0,0.9224593,1.1049755164265539e-06,0.9224581950244836
11840,10944,64,64,0,patch_r11840_c10944_lbl0.tif,108.70057394585768,29.025158199836543,0.9444466,0.23841494324816878,0.0,0.9444466,4.165930627817643e-06,0.9444424340693722
11904,2496,64,64,0,patch_r11904_c2496_lbl0.tif,106.0720740931382,29.062418918406838,0.9817977,0.2942212827117259,0.0,0.9817977,1.9504634047258068e-05,0.9817781953659528
11904,2880,64,64,0,patch_r11904_c2880_lbl0.tif,106.19157809510878,29.06124606870034,0.9880923,0.24937143642061033,0.0,0.9880923,4.156714840642227e-06,0.9880881432851594
11904,2944,64,64,0,patch_r11904_c2944_lbl0.tif,106.21149510241032,29.061038554508563,0.9838753,0.29486047178914476,0.0,0.9838753,1.9514508193704325e-05,0.9838557854918063
11904,3712,64,64,0,patch_r11904_c3712_lbl0.tif,106.45049112529011,29.058280091425782,0.9573007,0.2869202149054167,0.0,0.9573007,1.95291817115394e-05,0.9572811708182885
11904,3776,64,64,0,patch_r11904_c3776_lbl0.tif,106.47040673987098,29.058027862453887,0.9562439,0.21596767191836896,0.0,0.9562439,1.5300757338467555e-06,0.9562423699242661
11904,3840,64,64,0,patch_r11904_c3840_lbl0.tif,106.4903222361056,29.057772194047065,0.9112665,0.20563843003534743,0.0,0.9112665,1.5186663262576301e-06,0.9112649813336737
11904,3904,64,64,0,patch_r11904_c3904_lbl0.tif,106.51023761239226,29.057513086230408,0.9890682,0.26020260414679686,0.0,0.9890682,6.040415699817604e-06,0.9890621595843001
11904,6528,64,64,0,patch_r11904_c6528_lbl0.tif,107.32664500694077,29.043928688715138,0.96888465,0.29048517602423374,0.0,0.96888465,1.9585566026123517e-05,0.9688650644339739
11904,9920,64,64,0,patch_r11904_c9920_lbl0.tif,108.38151881362565,29.017804729890408,0.9686526,0.24453324132296267,0.0,0.9686526,4.167121338926176e-06,0.9686484328786611
11968,2432,64,64,0,patch_r11968_c2432_lbl0.tif,106.05194539892976,29.045456125715173,0.9806788,0.24752172929602306,0.0,0.9806788,4.159933396870706e-06,0.9806746400666031
11968,2496,64,64,0,patch_r11968_c2496_lbl0.tif,106.0718590493842,29.04527272005236,0.9760202,0.24634707826489155,0.0,0.9760202,4.160111510833256e-06,0.9760160398884892
11968,2880,64,64,0,patch_r11968_c2880_lbl0.tif,106.19133908481896,29.044100061313568,0.9752584,0.2461557362492176,0.0,0.9752584,4.1602538701292635e-06,0.9752542397461298
11968,3712,64,64,0,patch_r11968_c3712_lbl0.tif,106.4502001949097,29.04113456691948,0.95753807,0.24168765849510135,0.0,0.95753807,4.160957685089471e-06,0.957533909042315
11968,3776,64,64,0,patch_r11968_c3776_lbl0.tif,106.47011181610203,29.040882379008643,0.98358166,0.14040128548315914,0.0,0.98358166,2.4630925789645062e-08,0.9835816353690743
11968,6464,64,64,0,patch_r11968_c6464_lbl0.tif,107.30627335685256,29.027185532492258,0.9661039,0.21820652968638515,0.0,0.9661039,1.530831742082727e-06,0.966102369168258
11968,6592,64,64,0,patch_r11968_c6592_lbl0.tif,107.34608335120424,29.026382029369245,0.9447037,0.24840719253379356,0.0,0.9447037,6.0133335262197444e-06,0.9446976866664738
11968,6656,64,64,0,patch_r11968_c6656_lbl0.tif,107.36598806621431,29.025975121602887,0.9443309,0.21295640770914223,0.0,0.9443309,1.5094934973301372e-06,0.9443293905065027
11968,9920,64,64,0,patch_r11968_c9920_lbl0.tif,108.38084099771716,29.00066578773981,0.9730734,0.21197140400038353,0.0,0.9730734,1.1054152583987538e-06,0.9730722945847415
12032,1536,64,64,0,patch_r12032_c1536_lbl0.tif,105.77299107600209,29.030515432808464,0.9802925,0.25785487589762796,0.0,0.9802925,6.032193662658117e-06,0.9802864678063373
12032,1600,64,64,0,patch_r12032_c1600_lbl0.tif,105.7929017721065,29.03038020116569,0.9856091,0.2953322569621393,0.0,0.9856091,1.9486093399172652e-05,0.9855896139066008
12032,2048,64,64,0,patch_r12032_c2048_lbl0.tif,105.93227476926158,29.02933728938189,0.9822932,0.29435194931548664,0.0,0.9822932,1.9494008891700727e-05,0.9822737059911083
12032,2432,64,64,0,patch_r12032_c2432_lbl0.tif,106.05173443443309,29.02830924911613,0.98280615,0.22184609849694725,0.0,0.98280615,1.5226069145203613e-06,0.9828046273930855
12032,2496,64,64,0,patch_r12032_c2496_lbl0.tif,106.07164409187932,29.028125873296965,0.9886269,0.25996402156044857,0.0,0.9886269,6.014863085802736e-06,0.9886208851369142
12032,3776,64,64,0,patch_r12032_c3776_lbl0.tif,106.46981701060815,29.02373624656444,0.96226746,0.2884088359230287,0.0,0.96226746,1.9529177952994766e-05,0.962247930822047
12032,6464,64,64,0,patch_r12032_c6464_lbl0.tif,107.30581097236964,29.01004162750545,0.9436757,0.2829212575185899,0.0,0.9436757,1.9581876669658364e-05,0.9436561181233304
12032,9856,64,64,0,patch_r12032_c9856_lbl0.tif,108.36027445576464,28.98410825452717,0.9694371,0.29075333459948727,0.0,0.9694371,1.964782909664995e-05,0.9694174521709034
12032,9920,64,64,0,patch_r12032_c9920_lbl0.tif,108.38016345338184,28.983526191118965,0.9828007,0.22151840307548956,0.0,0.9828007,1.5025604397661923e-06,0.9827991974395602
12096,1920,64,64,0,patch_r12096_c1920_lbl0.tif,105.8922753169773,29.012504714108708,0.9647982,0.2537521676515333,0.0,0.9647982,6.026397488714178e-06,0.9647921736025113
12096,1984,64,64,0,patch_r12096_c1984_lbl0.tif,105.9121816145815,29.012348874223,0.9837601,0.294789699599522,0.0,0.9837601,1.9492927029406807e-05,0.9837406070729706
12096,2368,64,64,0,patch_r12096_c2368_lbl0.tif,106.03161780394842,29.011341630720263,0.95241094,0.28540805712258477,0.0,0.95241094,1.950050365917126e-05,0.9523914394963409
12096,9728,64,64,0,patch_r12096_c9728_lbl0.tif,108.31983031720002,28.96812154400104,0.92460954,0.27730124115684496,0.0,0.92460954,1.964309662462221e-05,0.9245898969033753
12160,1920,64,64,0,patch_r12160_c1920_lbl0.tif,105.8920964418319,28.99535631886461,0.98211265,0.2582013102247405,0.0,0.98211265,6.0044413650864165e-06,0.9821066455586349
12160,2304,64,64,0,patch_r12160_c2304_lbl0.tif,106.0115091548302,28.994369865381376,0.97447824,0.21998366511983813,0.0,0.97447824,1.5236913420855462e-06,0.974476716308658
12160,4608,64,64,0,patch_r12160_c4608_lbl0.tif,106.7279118871306,28.985852409883947,0.972321,0.2556882152905398,0.0,0.972321,6.017384166749489e-06,0.9723149826158333
12160,12672,64,64,0,patch_r12160_c12672_lbl0.tif,109.23341648186096,28.92097733523524,0.90446633,0.01893862848426702,0.0,0.90446633,7.752978052444539e-16,0.9044663299999992
12224,2304,64,64,0,patch_r12224_c2304_lbl0.tif,106.01130642053896,28.977220978494596,0.9803878,0.24754264494015907,0.0,0.9803878,4.174231765755315e-06,0.9803836257682342
12224,3072,64,64,0,patch_r12224_c3072_lbl0.tif,106.25007486492215,28.974877186595187,0.94757193,0.24916533967214768,0.0,0.94757193,6.014192394441127e-06,0.9475659158076055
12224,4672,64,64,0,patch_r12224_c4672_lbl0.tif,106.74745947842564,28.96840477126629,0.94363856,0.28249368146583803,0.0,0.94363856,1.9323994383792828e-05,0.9436192360056163
12224,6400,64,64,0,patch_r12224_c6400_lbl0.tif,107.2845355966608,28.95900233292168,0.91371906,0.27393231080868047,0.0,0.91371906,1.9576914230175898e-05,0.9136994830857699
12224,12480,64,64,0,patch_r12224_c12480_lbl0.tif,109.17297599599948,28.90601805104221,0.90193045,0.2705742780479329,0.0,0.90193045,1.969200930470563e-05,0.9019107579906953
12288,2688,64,64,0,patch_r12288_c2688_lbl0.tif,106.130465705222,28.95896158885808,0.96508926,0.28897549256838156,0.0,0.96508926,1.9360255920232988e-05,0.9650698997440798
12288,2944,64,64,0,patch_r12288_c2944_lbl0.tif,106.21003853604851,28.958152959759012,0.9417187,0.28221671355322225,0.0,0.9417187,1.9508458559987305e-05,0.94169919154144
12288,3072,64,64,0,patch_r12288_c3072_lbl0.tif,106.24982437484172,28.957728026856607,0.9260755,0.23385507724553908,0.0,0.9260755,4.1784100010587695e-06,0.9260713215899989
12288,10112,64,64,0,patch_r12288_c10112_lbl0.tif,108.43707363116424,28.913195584447504,0.9212031,0.27561291853074366,0.0,0.9212031,1.922060774361559e-05,0.9211838793922564
12288,10752,64,64,0,patch_r12288_c10752_lbl0.tif,108.63578095734456,28.907087008884584,0.9237487,0.27635550659154984,0.0,0.9237487,1.920870381766003e-05,0.9237294912961823
12352,2816,64,64,0,patch_r12352_c2816_lbl0.tif,106.17001785727346,28.941414197098556,0.907502,0.23858178229255816,0.0,0.907502,6.003514598023649e-06,0.907495996485402
12352,11776,64,64,0,patch_r12352_c11776_lbl0.tif,108.95286009261731,28.879459663337805,0.9891801,0.2967209743539966,0.0,0.9891801,1.9675455858204057e-05,0.9891604245441418
12352,11840,64,64,0,patch_r12352_c11840_lbl0.tif,108.97272040392114,28.878775148652128,0.923122,0.20841354047557806,0.0,0.923122,1.525224793158939e-06,0.9231204747752069
12416,2432,64,64,0,patch_r12416_c2432_lbl0.tif,106.05047042219968,28.9254143055376,0.9558789,0.21558464690535428,0.0,0.9558789,1.5110095237513658e-06,0.9558773889904763
12416,2496,64,64,0,patch_r12416_c2496_lbl0.tif,106.07035615518038,28.92523110825685,0.91686493,0.24102033868612144,0.0,0.91686493,5.998371809009969e-06,0.916858931628191
12416,2816,64,64,0,patch_r12416_c2816_lbl0.tif,106.1697834998808,28.92426359122513,0.9626132,0.08952152168069243,0.0,0.9626132,5.209682570415007e-10,0.9626131994790317
12416,11776,64,64,0,patch_r12416_c11776_lbl0.tif,108.95206908825384,28.862319081529755,0.99674964,0.14239427238469915,0.0,0.99674964,2.480804267794948e-08,0.9967496151919573
12416,11840,64,64,0,patch_r12416_c11840_lbl0.tif,108.9719254337877,28.86163467741948,0.93256515,0.07448009859723555,0.0,0.93256515,1.323774544365732e-10,0.9325651498676225
12480,3264,64,64,0,patch_r12480_c3264_lbl0.tif,106.30871566284269,28.90561376494086,0.955815,0.25122939903306635,0.0,0.955815,5.991947340703047e-06,0.9558090080526592
12480,11520,64,64,0,patch_r12480_c11520_lbl0.tif,108.87186572911097,28.847880720710453,0.9389202,0.2816316161413034,0.0,0.9389202,1.9667241730538642e-05,0.9389005327582695
12480,11776,64,64,0,patch_r12480_c11776_lbl0.tif,108.95127840023464,28.84517783428992,0.99278426,0.14121116480823126,0.0,0.99278426,2.3854095032080612e-08,0.9927842361459049
12480,11840,64,64,0,patch_r12480_c11840_lbl0.tif,108.97113078157952,28.844493540662484,0.93524617,0.06189253506766604,0.0,0.93524617,2.4379088403434306e-11,0.9352461699756209
12480,11904,64,64,0,patch_r12480_c11904_lbl0.tif,108.99098284518972,28.843805818358017,0.95733637,0.021713605855717223,0.0,0.95733637,1.5916667615093265e-15,0.9573363699999985
12480,12224,64,64,0,patch_r12480_c12224_lbl0.tif,109.0902383419318,28.840315779018944,0.940595,0.2122559175089472,0.0,0.940595,1.5186117743933586e-06,0.9405934813882255
12544,3264,64,64,0,patch_r12544_c3264_lbl0.tif,106.30845363501896,28.88846208628205,0.93682516,0.23666150007400782,0.0,0.93682516,4.193038902421252e-06,0.9368209669610976
12544,11520,64,64,0,patch_r12544_c11520_lbl0.tif,108.8710912095678,28.830738370762315,0.93835634,0.28145769567332163,0.0,0.93835634,1.9664230317887365e-05,0.9383366757696822
12544,11776,64,64,0,patch_r12544_c11776_lbl0.tif,108.95048802837016,28.828035920409626,0.9886417,0.2957423399735358,0.0,0.9886417,1.9192907038256273e-05,0.9886225070929617
12544,11840,64,64,0,patch_r12544_c11840_lbl0.tif,108.970336447106,28.82735173717261,0.9631282,0.13409679896637877,0.0,0.9631282,1.968109027289796e-08,0.9631281803189097
12544,11904,64,64,0,patch_r12544_c11904_lbl0.tif,108.99018454829763,28.82666412580776,0.90970844,0.04342687047983483,0.0,0.90970844,1.289395651581125e-12,0.9097084399987105
12608,11840,64,64,0,patch_r12608_c11840_lbl0.tif,108.96954243017674,28.81020926574171,0.9938896,0.21631215872764312,0.0,0.9938896,1.0965429378214492e-06,0.9938885034570623
12608,11904,64,64,0,patch_r12608_c11904_lbl0.tif,108.98938657052872,28.80952176522361,0.90434027,0.0719397393408445,0.0,0.90434027,1.2773157554599198e-10,0.9043402698722683
12672,11840,64,64,0,patch_r12672_c11840_lbl0.tif,108.96874873060143,28.793066125161836,0.99656254,0.2616673758437454,0.0,0.99656254,5.936136071860735e-06,0.9965566038639281
12672,11904,64,64,0,patch_r12672_c11904_lbl0.tif,108.98858891169174,28.792378735397637,0.9393042,0.21147215130913566,0.0,0.9393042,1.4871517461961108e-06,0.9393027128482538
12800,12096,64,64,0,patch_r12800_c12096_lbl0.tif,109.04648943548554,28.75600860263653,0.9334075,0.129968300949444,0.0,0.9334075,1.9694081386809093e-08,0.9334074803059186
12864,12032,64,64,0,patch_r12864_c12032_lbl0.tif,109.0258535163098,28.73956122637501,0.92412764,0.23366164365273942,0.0,0.92412764,4.2267474263468215e-06,0.9241234132525736
12928,10176,64,64,0,patch_r12928_c10176_lbl0.tif,108.4500372938413,28.741145180731724,0.9729639,0.21186072190424654,0.0,0.9729639,1.1013464454001735e-06,0.9729627986535546
12928,12032,64,64,0,patch_r12928_c12032_lbl0.tif,109.02504922594524,28.722415729913067,0.9136529,0.1993227321773726,0.0,0.9136529,1.1202640366787123e-06,0.9136517797359633
12992,10176,64,64,0,patch_r12992_c10176_lbl0.tif,108.44934797794456,28.723996000577365,0.9635714,0.28829838890755655,0.0,0.9635714,1.9226238459121635e-05,0.9635521737615409
12992,12736,64,64,0,patch_r12992_c12736_lbl0.tif,109.24224121343237,28.697413038889643,0.91473824,0.24011633890226697,0.0,0.91473824,5.921375822117139e-06,0.9147323186241779
13056,11264,64,64,0,patch_r13056_c11264_lbl0.tif,108.78563102693909,28.69621963003459,0.9147972,0.20591722114897495,0.0,0.9147972,1.4847168351539892e-06,0.9147957152831648
13120,10432,64,64,0,patch_r13120_c10432_lbl0.tif,108.52724935158966,28.68728469517789,0.9413896,0.01964757251484864,0.0,0.9413896,7.528695591494302e-16,0.9413895999999993
13184,10432,64,64,0,patch_r13184_c10432_lbl0.tif,108.52654505693138,28.67013387555457,0.94633526,0.003874045133293998,0.0,0.94633526,3.238209080632003e-22,0.94633526
13248,3904,64,64,0,patch_r13248_c3904_lbl0.tif,106.50390190868684,28.69732177373169,0.98244196,0.29442759607096347,0.0,0.98244196,1.9512531653573846e-05,0.9824224474683464
13248,10368,64,64,0,patch_r13248_c10368_lbl0.tif,108.50602956634565,28.653590050335545,0.90482205,0.010997601972262351,0.0,0.90482205,5.802275544715276e-18,0.90482205
13312,4288,64,64,0,patch_r13312_c4288_lbl0.tif,106.62256631878856,28.67854139078993,0.9195352,0.275584309109028,0.0,0.9195352,1.951840259535674e-05,0.9195156815974046
13312,10240,64,64,0,patch_r13312_c10240_lbl0.tif,108.46571388661596,28.637642657357315,0.928137,0.06176394218900878,0.0,0.928137,2.5627811477319528e-11,0.9281369999743722
13312,10304,64,64,0,patch_r13312_c10304_lbl0.tif,108.48552197276932,28.63704192820561,0.9783201,0.022370388589853355,0.0,0.9783201,1.712287845066567e-15,0.9783200999999984
13376,12928,64,64,0,patch_r13376_c12928_lbl0.tif,109.29653925968226,28.592316845319985,0.95356995,0.0019992495594047676,0.0,0.95356995,7.852492296941487e-25,0.95356995
13440,12736,64,64,0,patch_r13440_c12736_lbl0.tif,109.23631875030898,28.577379620067887,0.92861414,0.08071733911442042,0.0,0.92861414,2.836151756791348e-10,0.9286141397163848
13440,12864,64,64,0,patch_r13440_c12864_lbl0.tif,109.27589485161003,28.57590830514605,0.9780031,0.02282574182098986,0.0,0.9780031,2.058738843519069e-15,0.9780030999999979
13504,12864,64,64,0,patch_r13504_c12864_lbl0.tif,109.27504226226569,28.558758173695622,0.9794845,0.06481672775651144,0.0,0.9794845,2.4367573509771676e-11,0.9794844999756324
13888,4224,64,64,0,patch_r13888_c4224_lbl0.tif,106.59986335958972,28.52435800692332,0.91779023,0.13058742455555056,0.0,0.91779023,2.3925269531588723e-08,0.9177902060747305
13888,4288,64,64,0,patch_r13888_c4288_lbl0.tif,106.61965494585478,28.524079657197134,0.93896246,0.21128485852151424,0.0,0.93896246,1.4801796867105175e-06,0.9389609798203133
13952,4160,64,64,0,patch_r13952_c4160_lbl0.tif,106.57975669233824,28.507467019331504,0.96918184,0.02267722346964046,0.0,0.96918184,2.106202749636226e-15,0.9691818399999979
13952,4352,64,64,0,patch_r13952_c4352_lbl0.tif,106.63911961868548,28.50663210328004,0.92748004,0.27766435355924296,0.0,0.92748004,1.932899944494192e-05,0.927460711000555
14080,4544,64,64,0,patch_r14080_c4544_lbl0.tif,106.69780454793904,28.471433042990604,0.96938366,0.07705180311630103,0.0,0.96938366,1.2680884417534828e-10,0.9693836598731911
14080,11456,64,64,0,patch_r14080_c11456_lbl0.tif,108.83283988042344,28.419783435730544,0.9189177,0.20648966876225158,0.0,0.9189177,1.4619375925956305e-06,0.9189162380624073
