编号,longitude,latitude,最近邻距离_m
57431,108.3481,30.8311,1729.0385828228184
57432,108.4139,30.8033,1170.5112212015347
A6348,108.2461,30.5217,1813.2013513032127
A6398,108.6056,30.7281,1112.1135645044703
A7015,108.0594,30.7956,4507.833296316479
A7054,108.4019,30.6814,2649.517403146951
A7055,108.6119,30.8147,5868.485935564697
A7107,108.2361,30.6356,2814.1156512201255
A7108,108.6339,30.6103,5872.833185279094
A7189,108.5639,30.525,6620.584804860597
A7190,107.9492,30.8078,6301.324973457855
A7244,108.8153,30.6742,5762.531720940659
A7245,108.58,30.8903,1008.4318298785075
A7246,108.6847,30.6814,5402.674616308809
A7247,108.5739,30.6214,2501.0215822984596
A7248,108.4814,30.6033,2053.4383484426085
A7249,108.4731,30.5128,2231.460532184266
A7250,108.4206,30.6103,4957.094746027689
A7251,108.3111,30.4797,5264.167785623661
A7252,108.4617,30.4953,2231.460532184266
A7253,108.1319,30.6119,6324.508079516552
A7601,108.3719,30.8119,1889.1677223229683
A7602,107.995,30.8486,5745.000930307982
A7603,108.16,30.7672,5338.404161351664
A7604,108.1706,30.5658,5463.358451691769
A7605,108.3392,30.6083,1275.0238613349725
A7606,108.4314,30.5667,4957.094746027689
A7607,108.6058,30.7381,1112.1135645044703
A7608,108.7867,30.6083,4901.621351116512
A7609,108.5314,30.9044,2422.782014725304
A7610,108.2539,30.8197,4072.974231172726
A7611,108.5061,30.66,6213.372254898455
A7612,108.4053,30.8108,1170.5112212015347
A7613,108.0319,30.7461,3741.5742471279973
A7614,108.2733,30.7297,4776.535693183179
A7615,108.0381,30.5986,6067.203463962817
A7616,108.2503,30.5058,1813.2013513032127
A7617,108.4853,30.7653,1248.4682661705765
A7618,108.4322,30.7622,723.9164333303837
A7619,108.4322,30.9094,4463.932665333339
A7620,108.7786,30.5242,4651.913925566481
A7621,108.8953,30.6581,1046.1987665704896
A7622,108.6839,30.8028,3811.819610273976
A7623,108.7556,30.6672,5762.531720940659
A7624,108.3969,30.9664,5977.28036802453
A7625,108.6064,30.6625,3427.1147457756806
A8113,108.4908,30.5867,2053.4383484426085
A8114,108.3356,30.7683,5399.7627616043455
A8115,108.4786,30.9003,1774.1360456453622
A8116,108.8194,30.5469,4651.913925566481
A8117,108.2897,30.4361,5264.167785623661
A8118,108.355,30.5558,4955.025099059575
A8120,108.3308,30.5994,517.4542082015248
A8121,108.3261,30.6017,517.4542082015248
A8213,108.3961,30.6536,3140.5989730321144
A8214,108.4386,30.6703,647.3259936746039
A8215,108.4414,30.665,647.3259936746039
A8216,108.3742,30.6819,987.0954010110967
A8217,108.3642,30.6797,769.1637085432336
A8218,108.3622,30.6864,769.1637085432336
A8219,108.1714,30.8142,4318.609282309159
A8499,108.4642,30.8211,3104.866818194486
A8577,108.5781,30.6436,2501.0215822984596
A8578,108.2256,30.7169,4776.535693183179
A8579,108.7356,30.5744,3595.8028557313482
A8580,107.9514,30.7303,6264.601218803486
A8581,108.2442,30.8658,3751.7681696068967
A8582,108.5792,30.7053,3577.222427663251
A8583,108.7078,30.7706,4246.426734672458
A8584,108.3681,30.8414,1347.9332895854
A8585,108.3836,30.8256,1723.5774035624754
A8586,108.5428,30.5817,5008.691826787085
A8996,108.0533,30.8358,4507.833296316479
A8997,108.1942,30.6533,1770.5396562120204
A8998,108.2964,30.8228,1320.9318787991047
A8999,108.2892,30.5681,2077.448195102537
A9005,108.3944,30.7622,3245.226316781147
A9006,108.5208,30.9242,2422.782014725304
A9007,108.3586,30.875,1784.4394393350833
A9008,108.4769,30.7567,1248.4682661705765
A9009,108.0817,30.7206,3037.7305140810436
A9014,108.3483,30.7133,3273.0986719448274
A9032,108.7719,30.5661,3595.8028557313482
A9033,108.2969,30.8072,707.91651443008
A9036,108.5439,30.8078,6539.220693664877
A9037,108.7042,30.6358,5402.674616308809
A9272,108.315,30.6114,1513.889793142989
A9273,108.3033,30.5539,2077.448195102537
A9274,108.3019,30.8119,707.91651443008
A9275,108.4114,30.8644,888.3221144150673
A9276,108.4694,30.7894,797.8149495930905
A9277,108.2647,30.5675,2346.6261813007586
A9278,108.4897,30.8875,1774.1360456453622
A9279,108.4611,30.7886,797.8149495930905
A9280,108.3228,30.8156,2037.8771637792518
A9281,108.4486,30.8456,2924.566769954579
A9282,108.6394,30.8619,5002.3189148997435
A9283,108.4278,30.7675,723.9164333303837
A9284,108.3661,30.8294,1347.9332895854
A9285,108.5897,30.8939,1008.4318298785075
A9286,108.3511,30.8603,1784.4394393350833
A9287,108.2103,30.7944,4318.609282309159
A9288,108.3875,30.8575,1674.921427637972
A9289,108.405,30.8586,888.3221144150673
A9290,108.4489,30.8719,2924.566769954579
A9743,108.2078,30.6425,1770.5396562120204
57522,107.2728,29.7364,4003.2033375399483
A7011,107.395,29.7128,2772.8147860173904
A7040,107.25,29.5833,3999.0214619028493
A7041,107.5667,29.6,8540.550061186423
A7096,107.0667,29.6667,3217.1284530215166
A7097,107.0667,29.4833,6195.434148912105
A7186,107.3075,29.7167,4003.2033375399483
A7187,107.35,29.88,4269.889342759235
A7188,107.4833,29.55,5704.5787091650245
A7264,107.5256,29.7525,5583.279369498502
A7265,107.5422,29.8006,4965.365099735201
A7266,107.5375,29.8606,2117.323125399038
A7267,107.2194,29.7803,3290.775577846273
A7268,107.1522,29.7147,1299.1422160949705
A7269,107.1783,29.5011,4305.871480519017
A7270,107.4283,29.7886,4807.872850703557
A7271,107.3744,29.5658,5635.630528799449
A7509,107.1919,29.7978,3290.775577846273
A7510,107.0986,29.435,6195.434148912105
A7511,106.9547,29.5208,2986.258524206441
A7512,107.1411,29.7081,1299.1422160949705
A7513,107.5994,29.7153,7540.5003739206495
A7514,107.3131,29.5197,5485.645255091381
A7515,107.5383,29.9247,6777.10473087658
A7516,107.4761,29.8008,4244.8657430525245
A7517,107.2083,29.4094,4799.954557869731
A7518,107.2083,29.5297,4305.871480519017
A7519,107.3167,29.595,4970.503809440439
A7520,107.5344,29.5244,5704.5787091650245
A7521,107.4958,29.7053,5023.30725466362
A7522,107.4769,29.6039,4803.371770725528
A7523,107.1936,29.4639,4393.577209976079
A7525,107.4678,29.9017,3846.7728979744447
A7526,107.2722,29.7919,5256.161713203621
A8101,107.4583,29.8681,3846.7728979744447
A8102,107.5167,29.8667,2117.323125399038
A8103,107.3833,29.81,4951.409662576773
A8104,107.445,29.715,3134.7495421219473
A8108,107.6667,29.6167,4026.481070593045
A8129,107.4617,29.9383,4111.976444044673
A8130,107.6069,29.7828,5337.356478938345
A8131,107.06,29.7172,5320.244476695479
A8132,107.4306,29.5792,956.4719148431469
A8133,107.3869,29.7381,2919.939416489246
A8134,107.0081,29.5528,6272.951510403671
A8135,107.2828,29.5614,3999.0214619028493
A8136,107.125,29.5514,7607.717647178852
A8137,107.1917,29.6528,6209.767348945985
A8138,107.6069,29.8308,2994.9185855214814
A8205,107.5036,29.8306,4208.268149562416
A8877,107.1256,29.6333,4678.043915878254
A8878,107.0772,29.6336,3817.855461297749
A8879,107.345,29.6764,2563.8803375244756
A8880,107.3392,29.6539,2563.8803375244756
A8881,107.6392,29.6439,4026.481070593045
A8882,107.3086,29.8425,3938.366748073663
A8883,107.1003,29.6708,3278.2020595833246
A8884,107.2072,29.7283,5522.267201641396
A9017,107.2556,29.6469,6209.767348945985
A9105,107.4186,29.6986,2772.8147860173904
A9111,107.0347,29.6747,3217.1284530215166
A9224,107.4308,29.5878,956.4719148431469
A9225,107.5761,29.8342,2994.9185855214814
57516,106.4611,29.5758,2847.1019851338865
A7272,106.3983,29.7258,2713.65443490279
A7273,106.4142,29.5258,2735.4985369680717
A7274,106.4075,29.5019,2735.4985369680717
A7275,106.4256,29.6025,2171.4365214941313
A7276,106.3669,29.7225,1917.8306942598736
A7277,106.3306,29.7069,2000.3329317259147
A7278,106.2958,29.6922,2864.3545247896473
A7279,106.3889,29.6664,3260.2886978308684
A7280,106.4297,29.5833,2171.4365214941313
A8003,106.4133,29.6408,1546.5323576493727
A8005,106.3833,29.7,2961.0864958232987
A8006,106.3333,29.6167,3656.1263459516986
A8012,106.3,29.6667,2864.3545247896473
A8038,106.4067,29.5703,2307.5920418865244
A8039,106.4289,29.6439,1546.5323576493727
A8040,106.3683,29.6361,3913.349042224293
A8139,106.4147,29.6853,2818.2574528127693
A8140,106.4139,29.7461,2713.65443490279
A8141,106.28,29.6464,2971.546338112462
A9015,106.3486,29.7158,1917.8306942598736
57511,106.4433,29.8419,1655.7615915283473
A7021,106.4631,29.7292,1621.9705597964185
A7074,106.5706,29.9097,2198.1462200866495
A7134,106.4847,29.8356,2420.6334569258115
A7135,106.3658,29.8606,2636.411583019616
A7136,106.4433,29.6803,2818.2574528127693
A7281,106.4922,29.8033,3663.751721950214
A7282,106.5917,29.9022,2198.1462200866495
A7283,106.6014,29.9578,608.8234831863635
A7284,106.6458,29.9411,4158.523419061999
A7285,106.505,29.8958,2878.082651159538
A7286,106.4181,29.8731,2014.5709422563948
A7287,106.4597,29.8375,1655.7615915283473
A7288,106.6228,30.0353,4477.242888793384
A7302,106.605,29.9533,608.8234831863635
A7316,106.53,29.8,3665.7160124723046
A7317,106.39,29.7611,2619.3212090414395
A7319,106.4031,29.86,178.1002924638274
A7320,106.6175,29.8653,3671.781368818376
A7321,106.4225,29.7961,2230.43802535604
A7324,106.6317,29.9828,3335.054269051834
A8146,106.4625,29.7794,3205.49285632649
A8147,106.6219,29.8981,2946.592308956171
A8148,106.5739,29.7678,2515.816098241063
A8149,106.6542,30.0056,3335.054269051834
A8150,106.3367,29.8575,2827.3242993093727
A8151,106.4047,29.8592,178.1002924638274
A8152,106.4483,29.7361,1621.9705597964185
A8854,106.3803,29.7831,2605.724456194024
A8855,106.4308,29.7708,2925.0448243916458
A8856,106.3997,29.7994,2230.43802535604
A8857,106.3331,29.7528,4377.96010415229
A8858,106.4714,29.8658,3343.001055738517
57612,106.6486,29.01,757.342217317389
A7002,106.65,29.0167,757.342217317389
A7036,106.6833,28.5333,6174.493955587318
A7092,106.8167,29.0667,4938.40783018967
A7142,106.7333,28.6667,2946.5266894753113
A7143,106.7592,28.9167,5323.022404499221
A7486,106.65,28.9,2463.6833598305043
A7487,106.6556,28.7678,2971.7599093679487
A7488,106.7333,28.8167,879.2309345157472
A7489,106.8278,28.9864,3621.6581455164064
A7490,106.7392,29.1583,6626.279726581073
A7491,106.5056,28.9961,2119.0376773985345
A7492,106.4394,28.8989,7515.455917786883
A7493,106.585,28.7128,4848.415131390804
A7494,106.6764,28.7392,3771.600696333678
A7495,106.6347,29.1117,2801.7918455104236
A7496,106.6983,28.9425,4912.1269812733535
A7497,106.6742,28.5919,3008.73833921967
A7498,106.8056,28.6303,7417.545384784695
A7499,106.6931,29.0411,4345.140508000403
A7501,106.5833,28.85,4866.841874626456
A7502,106.8222,29.0186,3621.6581455164064
A7503,106.7375,29.0456,3465.8753718498497
A7504,106.6833,29.1,4615.771516754574
A7505,106.8944,29.1175,2364.3617790884164
A8107,106.5539,28.7878,3493.355235975292
A8158,106.4111,29.0903,1169.8995639251496
A8159,106.3122,29.0208,2226.984398618932
A8160,106.4478,28.9706,4363.255380880091
A8161,106.3769,28.5911,6137.228164572769
A8162,106.6194,28.9328,4708.780392459159
A8163,106.7181,28.8628,3889.878297202075
A8165,106.7386,28.8231,879.2309345157472
A8166,106.7042,28.7931,2554.5681004390467
A8167,106.82,28.6958,5087.675907979996
A8640,106.6142,29.1303,2871.070752848047
A8641,106.6383,29.0867,2801.7918455104236
A8642,106.7731,29.0439,3465.8753718498497
A8643,106.7311,29.0928,4712.863945855508
A8644,106.4914,28.9614,4098.253196775439
A8645,106.7083,28.8992,4158.445944543429
A8646,106.6283,28.8886,2463.6833598305043
A8647,106.62,28.8203,4866.841874626456
A8648,106.5372,28.8156,3493.355235975292
A8649,106.6175,28.7458,4447.288869972286
A8650,106.7583,28.7736,5376.134409006756
A8651,106.7183,28.6897,2946.5266894753113
A8652,106.6458,28.5814,3008.73833921967
A8653,106.7108,28.5833,3699.3149463495256
A8654,106.805,28.9519,4431.2871680375465
A8987,106.6806,28.7831,2554.5681004390467
A8988,106.7097,28.8286,2652.6949715210335
A8989,106.4572,28.5728,1841.7893271121752
A8990,106.4492,28.5878,1841.7893271121752
A8992,106.3992,29.0919,681.1650573132299
A8993,106.3719,29.0744,3011.7117338948606
A8994,106.5272,28.9986,2119.0376773985345
A8995,106.2428,29.0181,5551.29203817172
A9130,106.8706,28.6847,5087.675907979996
A9178,106.6353,29.03,2056.7016651457734
57502,105.6931,29.7108,1998.2020271575489
A7025,105.9167,29.6667,953.407694494658
A7079,105.5031,29.6925,1143.5131827160283
A7088,105.7758,29.4839,492.69243220602584
A7150,105.6656,29.8378,3712.791173289514
A7151,105.6628,29.5358,3681.3511100886794
A7152,105.8306,29.6317,2566.3697075900327
A7419,105.7606,29.7494,1823.9133762147178
A7420,106.0033,29.7039,1467.0935818665832
A7421,106.5342,29.6328,2032.3250285288855
A7422,105.7467,29.5661,2861.20581806425
A7425,105.8817,29.6667,2516.5392693956846
A7426,105.9894,29.7392,2810.8431521080006
A7427,105.8617,29.7292,2525.9736893396175
A7428,105.8158,29.5464,3056.929576800334
A7429,105.6533,29.7817,2298.8200935780883
A7430,105.6211,29.6367,2437.397020076747
A7431,105.5797,29.7189,3021.164248501299
A7432,105.6297,29.7789,2298.8200935780883
A7435,105.7375,29.4297,2847.1675505617272
A7436,105.6928,29.6222,2364.560816643126
A7437,105.8978,29.6153,5451.918412533501
A7438,105.9256,29.7658,2701.3343008218917
A7598,105.6169,29.5586,3824.6095250542194
A8242,105.7983,29.4889,2120.7513486905473
A8243,105.7964,29.5247,3056.929576800334
A8244,105.7392,29.4828,956.2763691429759
A8245,105.7775,29.4781,665.5929110436642
A8246,105.7764,29.4883,492.69243220602584
A8247,105.7669,29.7653,1858.3211206026922
A8248,105.7689,29.6808,6402.805089089144
A8249,105.7686,29.6111,4479.838402170301
A8250,105.6714,29.6119,1819.9139479571484
A8251,105.5758,29.69,1266.0271852730223
A8252,105.6456,29.6419,2437.397020076747
A8253,105.9197,29.7169,746.2369325105298
A8254,105.6933,29.5556,3681.3511100886794
A8680,105.7025,29.8283,920.0194987002936
A8681,105.7119,29.8297,920.0194987002936
A8682,105.6375,29.7558,2676.6663858440406
A8683,105.8631,29.5631,1503.217053123393
A8684,105.8581,29.5503,1503.217053123393
A8685,105.5106,29.6592,3773.0196613845096
A8686,105.5461,29.6758,2785.4487384746726
A8687,105.5642,29.6953,1266.0271852730223
A8688,105.5761,29.6286,4441.624029980622
A8689,105.7481,29.7617,1823.9133762147178
A8690,105.8039,29.7433,3026.737400215193
A8691,105.7978,29.77,3026.737400215193
A8692,105.8428,29.6522,312.69250191332304
A8693,105.8431,29.655,312.69250191332304
A8694,105.9836,29.675,3715.987468320507
A8695,105.9889,29.7081,1467.0935818665832
A8696,106.0236,29.7308,1966.4030430183761
A8697,105.9183,29.7103,746.2369325105298
A8698,105.9075,29.6636,953.407694494658
A8699,105.6619,29.6619,2725.207070243277
A8700,105.6731,29.5956,1819.9139479571484
A8701,105.7308,29.5878,2861.20581806425
A8702,105.7664,29.4344,2847.1675505617272
A8703,105.7392,29.4742,956.2763691429759
A8704,105.6683,29.5028,2409.1621311339013
A8705,105.6378,29.5878,3521.678280829749
A8706,105.8436,29.7128,2525.9736893396175
A8707,105.8978,29.7686,2701.3343008218917
A8708,106.0169,29.7475,1966.4030430183761
A8709,105.9619,29.7681,3513.1054156301793
A9030,105.705,29.6961,1998.2020271575489
A9917,105.495,29.7,1143.5131827160283
57513,106.6275,29.7411,3554.756296283583
A6100,106.4856,29.59,939.9419335630911
A7022,106.7086,29.8972,1888.40020725351
A7023,106.8333,29.85,1832.982251057518
A7075,106.9,29.7,5166.593044636644
A7076,106.9444,29.7456,2027.8358578504776
A7133,106.8419,29.8353,1832.982251057518
A7289,106.9242,29.7506,2027.8358578504776
A7290,106.8897,29.9658,2922.83907766733
A7291,106.7217,29.8658,3712.9358031542843
A7292,106.6644,29.6889,2569.765301902144
A7293,106.7028,29.7592,3125.1646475050748
A7294,106.7319,29.9383,4667.489947311208
A7295,106.6819,29.9619,4176.849645867216
A7296,106.7925,29.9917,4975.449535155332
A7297,106.8672,29.6633,3976.262817477973
A7298,106.8469,29.8919,2261.0444916957117
A7299,106.9231,29.8972,1778.3957885149866
A7300,106.6983,30.0683,2494.929499079879
A7301,106.7861,29.9192,2379.4305363048484
A7303,106.7217,29.7208,4643.460171074007
A7304,106.7483,30.0181,3505.177200473701
A7305,106.8811,29.8083,4828.487061616712
A7306,106.8331,29.7108,6224.771354375211
A7307,106.5561,29.6686,1648.794701067641
A7308,106.5356,29.7322,1792.432980848722
A7309,106.6636,29.6658,2569.765301902144
A7310,106.8236,29.7664,6250.107607146763
A7311,106.9358,29.8856,1778.3957885149866
A7312,106.8861,29.9397,2922.83907766733
A7314,106.7411,29.9872,3505.177200473701
A7315,106.6764,30.0928,2662.9814840900203
A8013,106.6833,30.05,2494.929499079879
A8168,106.6233,29.7797,4200.58871158008
A8169,106.8681,29.9006,2261.0444916957117
A8170,106.5931,29.7525,2515.816098241063
A8171,106.8925,29.8767,3549.0711707579485
A8172,106.5464,29.6808,1648.794701067641
A8173,106.7803,29.94,2379.4305363048484
A8174,106.6944,29.9089,1888.40020725351
A8175,106.7056,29.7872,3125.1646475050748
A8597,106.9253,29.8308,4943.860459448717
A8598,106.77,29.8189,6992.761895206299
A8599,106.8567,29.9836,3715.4077076571107
A8800,106.6642,29.8503,4802.4729971689485
A8817,106.8464,29.9514,3715.4077076571107
A9042,106.55,29.5833,2248.324490258467
57518,106.4922,29.3411,3270.9277807215694
A7001,106.5297,29.3797,3845.686502210976
A7034,106.6619,29.4428,4162.422553642669
A7035,106.8172,29.2783,4098.000099758267
A7091,106.8636,29.4539,4702.852486620611
A7131,106.7353,29.475,693.3799704487791
A7132,106.5769,29.2217,2202.3406932995335
A7322,106.8547,29.2544,3790.4689887506984
A7323,106.7508,29.2836,2139.25729875362
A7343,106.8756,29.2256,3790.4689887506984
A7344,106.9311,29.4894,1704.6100705092547
A7353,106.57,29.25,3217.2501059109463
A7354,106.5928,29.4142,5506.081182706212
A7396,106.6992,29.4242,4162.422553642669
A7400,106.515,29.2981,3454.6389084791945
A7413,106.64,29.27,2559.174204004014
A7470,106.6708,29.3458,2677.908792079884
A7471,106.9294,29.5386,3147.888615228508
A7472,106.7731,29.4578,3233.982626045946
A7473,106.8781,29.1872,4276.774089244416
A7474,106.9114,29.6133,2493.0104174308917
A7475,106.63,29.3572,4152.57433183899
A7476,106.8542,29.2961,4098.000099758267
A7477,106.5369,29.4611,2540.1492321325877
A7479,106.5628,29.2883,4315.650277553365
A7480,106.6847,29.2153,3466.1792827334884
A7481,106.9683,29.6825,3482.753550492065
A7482,106.8158,29.4464,3923.2012763331245
A7483,106.7831,29.5075,2586.15500045296
A7485,106.7644,29.3547,8015.156894313268
A8176,106.9158,29.5047,1374.1999703625909
A8177,106.9536,29.7111,3482.753550492065
A8178,106.9375,29.6144,741.5508254156277
A8179,106.8783,29.5758,4607.9994030309845
A8180,106.8092,29.5125,2586.15500045296
A8181,106.8431,29.3867,7145.596483959162
A8182,106.7758,29.2086,6626.279726581073
A8183,106.6067,29.2242,867.4568343449965
A8184,106.6436,29.2928,2559.174204004014
A8185,106.6742,29.3697,2677.908792079884
A8186,106.7803,29.4294,3233.982626045946
A8187,106.93,29.5047,1374.1999703625909
A8188,106.7417,29.4722,693.3799704487791
A8859,106.5986,29.2275,867.4568343449965
A8860,106.5256,29.3453,3270.9277807215694
A8861,106.7292,29.2875,2139.25729875362
A8862,106.7311,29.4689,790.8143474104626
A8863,106.5625,29.4561,2540.1492321325877
A9174,106.9364,29.6078,741.5508254156277
A9175,106.6722,29.1861,3466.1792827334884
A9222,106.8067,29.5836,1338.571595821927
57520,107.0675,29.8394,2549.5851089499383
A7038,107.1,30.0333,4592.682500015482
A7039,107.2333,29.9,1962.1577103418695
A7094,107.2058,30.1553,3073.671175406487
A7095,107.0425,29.7678,2475.3287843405365
A7171,106.9864,29.9631,1868.8989765073554
A7172,107.0242,29.8992,1113.4522775591545
A7173,107.0983,29.9561,3849.2305665421154
A7174,107.2022,29.9519,4211.006339290409
A7325,107.2311,30.1722,3073.671175406487
A7326,107.1356,29.8306,4051.244385272529
A7327,107.17,30.0233,3469.8438427376304
A7328,107.41,29.9958,5341.323259468605
A7329,107.2142,29.8939,1962.1577103418695
A7330,107.2389,30.0425,4122.89422922896
A7331,107.0844,29.8936,2744.3257881657223
A7332,107.0697,30.0014,4111.240277651908
A7333,106.9819,29.9389,2151.2790643496
A7334,106.9861,29.8222,3616.988622472291
A7335,107.3422,29.9178,4269.889342759235
A7336,107.1736,30.0831,1632.802735769031
A7337,106.9683,30.0364,1767.2247974626407
A7414,107.1942,30.0686,2243.8215510543805
A7423,107.1794,30.0969,1632.802735769031
A7424,107.1442,30.0636,2646.209109829056
A7433,106.91,30.0067,4950.314095702605
A7434,107.2758,29.8636,3938.366748073663
A7440,106.9978,29.9767,1868.8989765073554
A7446,107.2197,30.1189,3074.844467213552
A7453,107.0703,29.8622,244.00362614884457
A7478,107.0019,29.9475,2151.2790643496
A7484,106.9814,29.8589,2132.9299984602744
A8189,107.2508,30.1125,3074.844467213552
A8190,107.245,30.0058,4122.89422922896
A8191,107.25,29.9469,1274.3455724267874
A8192,107.2078,29.8694,2793.2802616235376
A8193,107.2811,29.9003,4112.7207419833085
A8194,107.1706,29.8794,1772.4860400621267
A8195,107.155,29.9497,3927.564659207748
A8196,107.11,29.9892,3849.2305665421154
A8197,107.0578,29.9394,4321.424827273871
A8198,107.0317,29.8822,2023.870848264277
A8199,107.1961,29.9894,4211.006339290409
A8200,107.0786,29.78,3739.0127201260902
A8201,107.0953,29.9164,2744.3257881657223
A8545,107.1561,29.8892,1772.4860400621267
A8546,107.1836,29.8422,3820.228817655443
A8547,107.0406,29.79,2475.3287843405365
A8548,107.0236,29.9092,1113.4522775591545
A8549,107.1208,30.0761,2646.209109829056
A9038,107.0719,29.8639,244.00362614884457
A9047,107.1911,30.0486,2243.8215510543805
A9048,107.2447,29.9364,1274.3455724267874
A9050,107.0019,29.8517,2132.9299984602744
A9226,107.0981,29.8142,4051.244385272529
A9227,107.1375,29.9178,3650.7414836829084
57517,106.2556,29.2772,2738.420788093357
A7027,106.1322,29.0636,2755.471684127696
A7028,106.3636,28.8861,5937.039201850806
A7084,106.135,29.2,1280.8454229473584
A7155,106.25,29.4244,2563.8085493919007
A7156,106.4606,29.1139,4774.497018154516
A7240,106.1542,29.1456,4037.5974549307066
A7448,106.3286,28.8361,5501.48278739527
A7449,106.26,29.1014,5456.393669688109
A7450,105.9475,28.985,7778.106837176408
A7451,106.2058,29.2569,2412.886956219661
A7452,106.4664,29.3169,1956.6336209318738
A7454,106.2056,29.1136,5456.393669688109
A7455,106.1747,28.9928,6275.163308082613
A7456,106.065,28.9731,10254.822649021724
A7457,105.89,28.9364,7778.106837176408
A7458,105.9492,29.0836,4020.1596394743924
A7459,106.0708,29.2414,5781.750055303749
A7460,106.5428,29.1194,3240.2360555929126
A7461,106.0011,29.1181,1549.2993397671237
A7462,106.4622,28.7339,5584.648810688796
A7463,106.3928,29.0944,681.1650573132299
A7464,106.3494,28.9922,4816.689744167394
A7465,106.2158,29.2078,1378.6167740748544
A7466,106.3158,29.2425,3173.4033613616384
A7467,106.3719,29.2628,4123.204551877342
A7468,106.5097,29.1158,3240.2360555929126
A7469,106.5647,29.0636,5846.130235827259
A7500,106.3856,28.7889,4092.892610426969
A7524,105.9281,29.1147,4020.1596394743924
A7672,105.9931,29.0458,5989.3006846179105
A7674,106.52,29.1892,4493.634075142356
A7679,106.0633,29.2944,2562.5511341172146
A7700,106.4806,28.6486,6296.810264480195
A7705,106.5822,29.0133,5486.851674394768
A7728,106.3986,28.7539,1427.3293279581692
A7732,106.1453,29.1928,1280.8454229473584
A8202,106.2664,29.4425,2563.8085493919007
A8203,106.0889,29.1633,1825.9135860006556
A8204,106.3731,29.04,1235.0906794119485
A8220,106.2544,28.8864,8484.53074216462
A8221,106.4094,28.6572,4487.517188719825
A8222,106.4264,28.6947,4487.517188719825
A8223,106.2831,29.2419,3173.4033613616384
A8224,106.3886,29.2969,2868.699852373803
A8225,106.3672,28.9394,5775.94905714667
A8226,106.1856,29.2872,3897.4991123693835
A8227,106.4069,28.8317,5191.940738165185
A8228,106.2753,29.1661,3814.7560873144716
A8229,106.2786,28.8131,5501.48278739527
A8864,106.2828,29.2706,2738.420788093357
A8865,106.2214,29.24,2412.886956219661
A8866,106.1269,29.1094,4820.204899056384
A8867,106.2964,29.0353,2226.984398618932
A8868,106.4692,29.2767,3200.718742275602
A8869,106.23,29.2075,1378.6167740748544
A8870,106.4758,29.1772,4493.634075142356
A8871,106.3108,28.9556,5537.34501178846
A9077,106.2658,29.3233,5220.637361238919
A9117,106.3997,28.7411,1427.3293279581692
A9229,106.1858,29.1692,4037.5974549307066
A9230,106.1383,29.0394,2755.471684127696
A9231,106.2722,29.2003,3814.7560873144716
A9232,106.48,29.3039,1956.6336209318738
A9233,106.3858,29.0397,1235.0906794119485
A9234,106.0894,29.2908,2285.5930321596466
A9235,106.1058,29.1561,1825.9135860006556
A9236,106.1378,29.2264,2948.097075779019
A9237,106.3653,29.1583,7590.871639643592
A9238,106.025,29.1031,2218.5218822451293
A9239,106.0022,29.1042,1549.2993397671237
57512,106.2633,29.9656,1930.4879954475864
A7031,106.0167,30.2667,948.4209159334756
A7089,106.2247,30.0917,5875.004246811284
A7140,106.5628,30.1794,4143.914772898725
A7141,106.455,30.1919,3088.9942732708378
A7369,106.5969,30.0869,4733.564038616737
A7371,106.3864,30.0006,3180.1955580391045
A7372,106.535,30.1189,4050.898513721019
A7373,106.5769,30.26,305.1200020955803
A7374,106.4819,30.1767,3088.9942732708378
A7375,106.1728,30.1769,5753.998094040078
A7376,106.0647,30.0908,2944.95639293812
A7377,106.1544,29.9961,5078.708743390565
A7378,106.4819,29.9122,2878.082651159538
A7379,106.4961,30.0675,6409.551169890239
A7380,106.2539,30.0453,2589.813325275128
A7381,106.3158,30.1847,3482.951891339138
A7382,106.4689,30.2869,4017.770282242823
A7383,106.3272,30.085,6240.037172449545
A7384,106.1092,30.1642,2815.3696833089266
A7385,105.9931,30.3642,2143.853862775913
A7386,106.4411,30.035,3196.9007856935523
A7387,106.0558,30.3408,3177.094344451647
A7388,106.1514,30.0417,5078.708743390565
A7389,106.5206,29.9747,5923.62004897751
A7390,106.3514,29.9447,4836.797029832737
A7391,106.1253,30.235,6649.601849781082
A8106,106.65,30.1,2662.9814840900203
A8437,106.1267,30.1439,2815.3696833089266
A8438,106.0256,30.2225,4889.683590886604
A8439,106.3431,30.2053,3482.951891339138
A8440,106.3903,29.9722,3180.1955580391045
A8441,106.4856,30.1439,3450.6401553345695
A8564,106.2833,29.9667,1930.4879954475864
A8655,106.0247,30.3506,3177.094344451647
A8656,106.0028,30.3186,4132.614073946828
A8657,106.0564,30.2975,2558.7989719328034
A8658,106.1622,30.2856,6649.601849781082
A8659,106.0678,30.2767,2558.7989719328034
A8660,106.0631,30.1919,4956.144056452009
A8661,106.0692,30.1192,3187.4667752667165
A8662,106.0092,30.1428,3839.823228948497
A8663,106.0247,30.0614,5049.9125732805405
A8664,106.0928,30.0803,2944.95639293812
A8665,106.1831,29.9411,3032.2893132358304
A8666,106.2669,29.9078,2570.5593104262407
A8667,106.3939,30.2106,4917.081482528151
A8668,106.4817,30.2525,4017.770282242823
A8669,106.3717,30.1442,7011.523231506262
A8670,106.6097,30.1794,4166.784156503782
A8671,106.5994,30.2158,1551.2360350833164
A8672,106.5764,30.1256,4050.898513721019
A8673,106.5517,30.0256,6403.3365150104555
A8674,106.6297,30.1353,4383.991379751839
A8675,106.4325,29.9369,5496.158202383059
A8676,106.4606,29.9864,2939.586766784737
A8677,106.4622,30.0128,2939.586766784737
A8678,106.45,30.14,3450.6401553345695
A8679,106.2808,30.0458,2589.813325275128
A9114,106.5839,30.2119,1551.2360350833164
A9176,106.2286,30.0086,4752.456926330806
A9295,106.58,30.2606,305.1200020955803
57506,105.9031,29.3608,2943.9183839961656
A7026,105.8297,29.2383,4191.265838673267
A7080,105.8653,29.4961,3803.980335696753
A7081,105.7,29.3333,2922.1155093356097
A7082,105.9964,29.4344,445.89580064366424
A7083,105.9142,29.2447,4144.036325551154
A7120,106.0667,29.5167,4142.846973271211
A7121,105.8333,29.3333,4347.723045220011
A7122,105.8897,29.0564,5157.469235399642
A7123,105.8333,29.4,2723.52550854831
A7124,105.8333,29.0,4161.462477039612
A7125,105.8667,29.1333,4721.183562736817
A7127,105.7667,29.0833,7049.208100477526
A7158,106.0119,29.2989,5009.458082261058
A7159,105.6583,29.3381,3414.645238398351
A7160,105.9569,29.2456,2818.2034053250495
A7161,105.7636,29.2419,2767.122529382803
A7162,105.7542,29.2981,3791.4748575443864
A7163,106.0,29.4319,445.89580064366424
A7164,105.9528,29.51,2020.485447481116
A7165,105.8792,29.5281,3203.174096275409
A7439,105.8214,29.1733,1314.9319296006909
A7441,105.7083,29.2567,5611.809332730787
A7442,105.7733,29.1858,4586.482147691069
A7443,105.9014,29.4428,3673.140639234355
A7444,105.9694,29.4647,2880.660132787589
A7445,105.8478,29.2894,3636.41026321153
A7447,105.9278,29.2081,3715.214160074629
A7767,105.7686,29.2664,2767.122529382803
A7776,105.9825,29.2606,2459.6562761447753
A7778,105.96,29.2708,2459.6562761447753
A7796,105.8439,29.1708,2084.957123094229
A7797,105.885,29.2853,3636.41026321153
A7798,105.7275,29.3758,3675.4069410532497
A7799,105.8931,29.3858,2715.981567859235
A7800,105.8969,29.41,2715.981567859235
A7835,106.03,29.3981,4750.70553196107
A7920,105.9556,29.3933,5981.966970394424
A7921,105.8428,29.0781,2519.0148782547913
A7922,105.8208,29.4556,3889.9417302911284
A7923,106.0481,29.4594,1779.0556668651657
A7924,105.7286,29.325,2236.7878254919383
A8230,105.8328,29.0572,2519.0148782547913
A8231,105.9422,29.4542,2880.660132787589
A8232,105.9589,29.1517,5086.846786890152
A8233,105.7894,29.3253,4347.723045220011
A8234,106.0572,29.4733,1779.0556668651657
A8235,105.8489,29.4306,3722.984692981157
A8236,106.0444,29.3442,5228.304414547851
A8237,105.9653,29.2014,3715.214160074629
A8238,105.9475,29.5294,2217.301641589895
A8239,105.8058,29.2697,3627.009791760928
A8240,105.7953,28.9828,4161.462477039612
A8241,105.7464,29.3378,2236.7878254919383
A9013,105.825,29.1619,1314.9319296006909
A9040,105.7278,29.1747,4586.482147691069
A9150,105.8053,29.3978,2723.52550854831
A9151,105.97,29.4997,2020.485447481116
57519,107.1122,29.1611,2748.1947096232284
A7003,107.0842,29.1575,2748.1947096232284
A7042,107.1175,29.3053,4981.019141098771
A7098,107.2522,29.2083,5405.299072584701
A7147,107.0133,29.1233,4139.163051240663
A7148,106.9806,29.08,4014.001263701973
A7149,106.9764,29.4464,4354.4478284456345
A7562,107.3125,28.83,3380.8920687848495
A7563,106.9758,29.2703,6280.700499912558
A7564,107.1425,29.3808,3747.879105651649
A7565,107.1019,28.9272,6862.11280314712
A7566,107.2561,28.9089,6504.330193634225
A7567,107.3386,28.8944,3748.3106170572078
A7568,107.3189,29.2467,6844.120010880134
A7569,107.2042,29.1317,7511.7030059036715
A7570,107.335,28.9772,3499.770626306827
A7571,107.0617,29.3575,6690.709515546195
A7572,107.2381,29.3361,4015.998394917172
A7573,107.1931,29.24,3895.2600550770126
A7574,107.3056,29.1531,3772.8584309235357
A7575,106.9708,29.3658,4164.743642656783
A7576,107.0892,29.2278,5609.078494231072
A7593,107.1853,29.0353,759.0508022095864
A7925,107.1522,29.0314,3247.1325245655685
A7926,107.2781,29.3267,4015.998394917172
A7927,106.9208,29.0725,3463.621949804373
A8442,107.0053,29.4164,4354.4478284456345
A8443,107.2869,29.0803,5218.327014770312
A8444,107.1719,29.3589,3747.879105651649
A8445,107.3364,29.3161,5326.480461289492
A8446,107.1603,29.1875,5515.983552612836
A8447,107.1325,29.1064,6051.749877516909
A8449,107.3531,28.95,3499.770626306827
A8710,107.0556,29.1278,4139.163051240663
A8711,107.0219,29.0861,4070.2437395815405
A8712,107.0822,29.0211,3529.2781655220683
A8713,107.1217,29.0528,3801.799493806711
A8714,107.0533,29.0019,3529.2781655220683
A8715,107.0058,29.0514,4014.001263701973
A8716,106.9764,29.2108,4564.128574757579
A8717,106.9658,29.3286,4164.743642656783
A8718,107.0286,29.3047,5642.634709619823
A8719,107.0775,29.2772,4981.019141098771
A8720,107.3031,28.8664,4058.8100878989644
A8721,107.2719,28.8422,1534.9439403966546
A8722,107.2406,28.8119,4113.4579639823205
A8723,107.2778,28.8294,1534.9439403966546
A8724,107.3208,29.1167,4308.332446619378
A8725,106.9175,29.1242,2364.3617790884164
A8726,107.3583,28.8642,3867.2911002152555
A8727,107.3206,28.9242,3748.3106170572078
A8728,107.2072,29.2728,3895.2600550770126
A8729,106.9994,29.175,4564.128574757579
A8980,107.0272,29.2144,4946.4948214672395
A8981,106.9311,29.1847,5152.627924817208
A8982,107.3022,29.1869,3772.8584309235357
A8983,107.1819,29.3244,3956.78737218266
A8984,106.9247,29.305,4771.272396689563
A8985,107.1703,28.9422,6862.11280314712
57514,106.2217,29.5869,4458.787987867935
A7032,106.1322,29.4125,2395.830730130283
A7033,106.2175,29.7478,4079.9667152330303
A7090,106.1361,29.6072,2027.7746953410906
A7138,106.3089,29.8075,1481.2539565756642
A7139,106.1878,29.7217,4079.9667152330303
A7318,106.1947,29.5075,2854.1120238892263
A7338,106.1247,29.4622,5050.282987463293
A7339,106.1175,29.2975,2807.9658376383536
A7340,106.2111,29.4786,829.0546710243929
A7341,106.1033,29.3678,974.3696554291082
A7342,106.2194,29.6803,3778.6507948696576
A7345,106.2964,29.7975,1640.4662808712742
A7346,106.1756,29.3733,2717.7870330383284
A7347,106.0942,29.5606,2391.1187050029707
A7348,106.1756,29.5878,4386.214760545065
A7948,106.1469,29.6444,4266.14404576732
A7949,106.1192,29.5964,2027.7746953410906
A7950,106.1189,29.5597,2391.1187050029707
A7951,106.2064,29.4708,539.9784881603762
A7952,106.2058,29.4167,3210.6729063590014
A7953,106.1006,29.3264,655.4994412533646
A7954,106.0981,29.3753,974.3696554291082
A7955,106.1725,29.5244,2854.1120238892263
A8287,106.2878,29.8489,4265.261364650913
A8288,106.3242,29.8086,1481.2539565756642
A8289,106.0961,29.3308,655.4994412533646
A8290,106.0931,29.3111,1850.1602193254862
A8291,106.1922,29.3536,2717.7870330383284
A8292,106.1036,29.5356,2924.8086770605755
A8293,106.1803,29.6794,3715.594709148588
A8294,106.2633,29.6206,3291.720480945358
A8295,106.1531,29.5003,3271.929016753373
A8572,106.2347,29.5353,4117.045859809125
A8573,106.2278,29.4383,2647.8672908421618
A8574,106.1414,29.3925,2395.830730130283
A8575,106.1956,29.4772,812.1348603805773
A8576,106.2347,29.6475,3935.4092472107404
A9016,106.4003,29.8422,1901.922959030638
A9044,106.2036,29.475,539.9784881603762
57510,106.0619,29.8569,1416.5578816246552
A6215,106.0717,29.5978,1300.3804336526196
A6317,106.0417,30.0147,3671.5528988419082
A6318,106.0728,29.8706,1850.792178438517
A6319,106.065,29.8014,3505.629184070801
A7030,105.8667,29.8333,3301.7449034873603
A7087,106.0342,29.9275,4356.353324116629
A7166,106.2081,29.8619,3926.8588498451813
A7167,106.1397,29.7747,3076.8065551106165
A7168,106.0508,29.6958,349.54212802461717
A7349,106.0861,29.9592,2231.4200216576587
A7350,106.2022,29.8083,3886.044610296379
A7351,106.9778,30.05,1767.2247974626407
A7352,105.9739,29.8594,1537.3559864271356
A7355,106.1994,29.8964,2965.3908489221412
A7356,106.0094,29.7714,1757.833881546972
A7357,106.1158,29.9269,3338.10762412187
A7358,106.0069,29.6381,4680.218007335505
A7359,106.1436,29.6894,3533.097576744167
A7360,105.8297,29.8206,2357.399697836578
A7361,106.0172,29.9894,2118.2424971975115
A7362,106.1625,29.8142,3886.044610296379
A7363,106.0975,29.7689,2719.035658188413
A7364,106.1572,29.8956,887.8136316761692
A7365,106.0528,29.8469,1416.5578816246552
A7366,106.1147,29.7133,691.6338626698341
A7367,106.0731,29.6419,1838.0242236556549
A7368,106.9256,29.5708,3599.293640172114
A7928,106.0842,29.9392,1443.7936509272974
A7929,106.0794,29.9269,1443.7936509272974
A7930,106.0783,29.6578,965.796759145181
A7931,106.0769,29.6664,965.796759145181
A7932,106.1653,29.8994,887.8136316761692
A7933,106.1767,29.9144,1997.342897202556
A7934,106.0514,29.6989,349.54212802461717
A7935,106.0497,29.7156,1864.1996095259121
A7936,106.0747,29.6092,1300.3804336526196
A7937,106.0528,29.6025,1900.5799475186589
A8267,106.0331,29.9722,842.7354342843656
A8268,106.0244,29.9714,842.7354342843656
A8269,105.9906,29.9961,2667.838418360214
A8270,106.2439,29.8961,2333.8235765449162
A8271,106.2297,29.9131,2333.8235765449162
A8272,106.2697,29.8839,2671.2306307296385
A8273,106.0042,29.8253,3281.2387006098265
A8274,105.9814,29.8472,1537.3559864271356
A8275,105.8119,29.8406,2625.6352907543283
A8276,106.1133,29.7072,691.6338626698341
A8818,106.0817,29.8294,3399.542562657311
A8819,106.01,29.7872,1757.833881546972
A8820,105.8628,29.8628,3301.7449034873603
A8821,106.0033,29.5903,4974.545501895704
A8822,105.8919,30.0489,2710.590575970133
A9026,106.0542,29.5683,3691.034081825705
A9028,106.0039,29.5425,5315.434260558641
A9136,106.07,29.7636,2719.035658188413
A9137,106.1633,29.7561,3076.8065551106165
A9177,105.8256,29.7997,2357.399697836578
A9876,106.05,29.8667,1582.499124964269
57409,105.7786,30.2089,3977.237263590134
A7029,105.7311,30.2108,4569.321213408622
A7085,105.7167,30.1,7430.782568518766
A7086,105.7819,29.9017,5124.6805605135105
A7169,105.7719,30.3011,1083.1687348215555
A7170,105.9317,30.2944,5146.884042101481
A7392,105.8975,29.9589,3436.9086176203537
A7393,105.9317,30.1592,4313.147549958616
A7394,105.7569,29.8203,2758.7302392206293
A7395,105.7736,30.0489,3025.010824296186
A7397,105.8106,30.07,2252.9507766178476
A7398,105.7511,29.9594,2937.9917012668193
A7399,105.9075,30.2531,5146.884042101481
A7401,105.8328,30.4042,2721.2014057433516
A7402,105.8461,30.19,5048.4464666716885
A7403,105.7681,30.3825,6087.87727506833
A7404,105.6242,30.1442,4608.454799298458
A7874,105.7708,30.3278,2213.7789105155684
A7886,105.7731,29.9906,4065.2701343205226
A7900,105.8642,30.0533,2710.590575970133
A7904,105.765,29.8569,4144.047540780924
A7905,105.7647,30.3086,1083.1687348215555
A7915,105.7283,30.2919,1980.2741577087863
A7916,105.8147,30.2264,3977.237263590134
A7917,105.9117,29.8783,2533.239204837659
A7918,105.7875,30.0733,2252.9507766178476
A7919,105.8792,30.3119,2683.829733601632
A8255,105.6306,30.2511,10421.71664475002
A8256,105.9031,30.3447,4308.575518782855
A8257,105.8294,30.2964,2411.19389513224
A8258,105.8697,30.0956,4733.226531016128
A8259,105.9686,30.1203,4637.29247662826
A8260,105.8953,29.8961,2533.239204837659
A8261,105.9764,30.1625,3839.823228948497
A8262,105.8128,29.8642,2625.6352907543283
A8263,105.9731,30.3728,2143.853862775913
A8264,105.7478,30.2861,1980.2741577087863
A8265,105.7897,29.9475,3947.2285569641895
A8266,105.7386,29.9353,2937.9917012668193
A8841,105.7322,29.8078,2758.7302392206293
A8842,105.9244,29.9386,3436.9086176203537
A8843,105.5772,30.1361,4608.454799298458
A8844,105.8389,30.3803,2721.2014057433516
A8845,105.8536,30.3022,2411.19389513224
57505,105.5869,29.4142,4000.9630578752426
A7024,105.3947,29.6372,6211.740612505344
A7077,105.5339,29.3958,4190.000507270493
A7078,105.4669,29.5219,2006.681164906438
A7153,105.6733,29.4314,2317.608602227433
A7154,105.3764,29.5025,1989.1560338824756
A7405,105.5481,29.5658,2356.1756384311707
A7406,105.4886,29.3686,2815.739640326347
A7407,105.5881,29.4739,2280.879449867329
A7408,105.45,29.43,2021.5677209380665
A7409,105.57,29.32,3076.0511381545975
A7410,105.6542,29.3686,2470.323382942558
A7411,105.3183,29.5614,2901.6657734822734
A7416,105.4611,29.6033,1912.7726882059492
A7417,105.3522,29.5953,2496.180383316867
A7418,105.6464,29.4925,2409.1621311339013
A7938,105.6983,29.3969,3675.4069410532497
A7939,105.4758,29.5056,2006.681164906438
A7940,105.6431,29.3886,2470.323382942558
A7941,105.4083,29.4594,1188.6845015529373
A7942,105.6225,29.4469,3888.443360638293
A7943,105.5789,29.3789,4000.9630578752426
A7944,105.3228,29.5356,2901.6657734822734
A7945,105.4717,29.3892,2815.739640326347
A7946,105.3272,29.5897,2496.180383316867
A7947,105.4664,29.6628,4289.539362628914
A8277,105.4558,29.5542,3579.927042320775
A8278,105.3961,29.4606,1188.6845015529373
A8279,105.4728,29.4319,1460.9785478123983
A8280,105.6625,29.45,2317.608602227433
A8281,105.5722,29.5689,2356.1756384311707
A8282,105.5617,29.2933,1425.1323748097666
A8283,105.4672,29.4197,1460.9785478123983
A8284,105.3494,29.4778,3791.1253864160835
A8285,105.4364,29.5842,2368.862854991869
A8286,105.4608,29.5861,1912.7726882059492
A8836,105.5194,29.3603,3124.209089541516
A8837,105.5994,29.4919,2280.879449867329
A8838,105.4836,29.4722,3789.8675628784727
A8839,105.3889,29.4883,1989.1560338824756
A8840,105.5475,29.29,1425.1323748097666
A9133,105.4772,29.3308,4345.970778575237
A9218,105.4481,29.45,2231.4965184141447
57338,108.4311,31.17,1497.7349274860314
A6399,108.4542,31.18,2462.963819891052
A7056,108.2333,31.0667,505.9051745486876
A8301,108.5833,31.2667,2393.2769528322106
A8302,108.3167,30.9333,4477.867096316304
A8303,108.3394,31.2122,3193.4257231682486
A8304,108.0167,30.9833,856.4132052082035
A8305,108.4642,31.405,5794.942939779264
A8306,108.3167,31.4167,6400.1192627555165
A8307,108.3,31.1833,3878.9701789364767
A8308,108.7833,31.5833,861.6250577676064
A8309,108.6719,31.5522,2209.622339296612
A8310,108.5833,31.4833,9118.320482158077
A8311,108.0775,31.0697,3121.104163603115
A8312,108.5611,31.6211,1982.6688942891042
A8313,108.225,31.2422,3476.4975469618976
A8314,108.1075,31.2492,7004.603338646933
A8315,108.4297,31.4867,3659.8225217039944
A8316,108.2833,31.3667,2979.068498241699
A8317,108.2333,31.4333,8125.850886936823
A8318,108.2333,30.95,2285.1455157413943
A8319,108.1333,30.9333,4003.29480725269
A8320,108.6667,31.35,910.4369626072177
A8321,108.4811,31.2981,2031.7342196834247
A8322,108.1092,30.8806,4940.445576036715
A8323,108.2056,31.3636,7385.332520999427
A8324,108.1217,31.0386,5448.537843431438
A8325,108.2514,31.1953,1485.9264074924995
A8326,108.3719,31.3392,6697.946469976752
A8327,108.4856,31.4625,1710.4070212373904
A8328,108.3142,31.1506,3878.9701789364767
A8329,108.5161,31.3664,5837.874596786036
A8330,108.0844,31.1581,4110.644343793905
A8331,108.2869,31.1225,2792.1803956247713
A8332,108.5611,31.1931,5659.066341751192
A8333,108.4828,31.2011,3592.4538153466656
A8334,108.4781,31.1394,5054.95676521505
A8335,108.4192,31.0839,5767.213649172957
A8337,108.0586,30.89,4940.445576036715
A8338,108.3575,31.0156,3525.7916522886926
A8339,108.1678,30.9128,4003.29480725269
A8471,108.7564,31.5556,3366.122870200542
A8472,108.3228,31.0853,2834.4215094914575
A8473,108.4622,31.275,3134.2049323526703
A8474,108.1808,31.1233,2247.531991053988
A8475,108.315,31.1153,2792.1803956247713
A8476,108.0425,31.0842,3702.720336733496
A8477,108.1542,31.1342,2807.0368353681793
A8478,108.5575,31.2439,3527.324157102856
A8730,108.7744,31.5817,861.6250577676064
A8731,108.4244,31.5367,5582.401931230919
A8732,108.6486,31.5514,2209.622339296612
A8733,108.4586,31.3381,4934.688815779842
A8734,108.2594,31.0461,3003.479449279237
A8735,108.3628,31.2328,3193.4257231682486
A8736,108.0169,30.9756,856.4132052082035
A8737,108.5006,31.3056,2031.7342196834247
A8738,108.2386,31.0664,505.9051745486876
A8739,108.5628,31.2792,2393.2769528322106
A8740,108.205,30.8683,3751.7681696068967
A8741,108.1947,31.2247,3476.4975469618976
A8742,108.2375,31.2014,1485.9264074924995
A8743,108.37,31.2,3210.892045389665
A8744,108.0956,31.0931,3121.104163603115
A8745,108.4956,31.4497,1710.4070212373904
A8746,108.5753,31.3806,5837.874596786036
A8747,108.3344,30.9706,4477.867096316304
A8748,108.0417,31.1525,4110.644343793905
A8749,108.1694,31.1056,2247.531991053988
A8750,108.1619,31.2917,7004.603338646933
A8751,108.5769,31.6094,1982.6688942891042
A8752,108.4875,31.5647,6741.265859612231
A8753,108.2117,30.9589,2285.1455157413943
A8754,108.3206,31.0133,3525.7916522886926
A8755,108.4733,31.0606,3960.4126368270813
A8756,108.4028,31.4631,3659.8225217039944
A8757,108.6681,31.3581,910.4369626072177
A8758,108.705,31.4561,8110.214781815475
A8759,108.3017,31.345,2979.068498241699
A9043,108.4167,31.1833,652.5766449560183
A9271,108.4286,31.2897,3587.052977120969
A9906,108.4233,31.1817,652.5766449560183
57536,108.7622,29.5244,769.7260684675608
A7069,108.6167,29.5667,3451.0614946392648
A7070,108.7944,29.4092,4602.045829367631
A7071,108.79,29.4553,5143.76622547123
A7116,108.7819,29.6547,6492.322748271574
A7117,108.6833,29.3833,3983.376973821969
A7254,108.5964,29.6286,3899.319429222251
A7255,108.5714,29.7417,3004.313374338182
A7256,108.6536,29.7556,3907.5931594680383
A7257,108.5953,29.7244,2707.635192146001
A7258,108.8306,29.49,5136.6335533655365
A7259,108.6819,29.6522,7260.212240063535
A7260,108.7592,29.2072,5043.172151966968
A7261,108.8197,29.5669,2927.7159439365387
A7262,108.7219,29.2936,4569.741625023535
A7263,108.5967,29.5394,3599.6598422484612
A7801,108.5969,29.7725,4217.658822011223
A7802,108.6158,29.2372,4881.698459759984
A7803,108.7681,29.3017,4569.741625023535
A7804,108.7319,29.1553,6350.508964020501
A7805,108.6036,29.3222,5149.352901205728
A7806,108.8272,29.5361,2588.6286126265536
A7807,108.6378,29.8303,4104.482811122961
A7808,108.5897,29.1394,4966.483028976493
A7809,108.5403,29.6211,3412.029489608457
A7810,108.6425,29.3789,3983.376973821969
A7811,108.5728,29.4956,1547.634081588619
A7812,108.6697,29.3372,5292.8164122880735
A7813,108.7167,29.2333,5043.172151966968
A7814,108.8478,29.2033,4794.426587001739
A7815,108.8508,29.2833,3414.8302803889815
A7816,108.8739,29.3586,4884.638430556338
A7818,108.8522,29.5444,2588.6286126265536
A7819,108.8247,29.6097,2001.3357878588804
A7820,108.6197,29.7364,2707.635192146001
A7821,108.5617,29.6817,5291.535211029981
A8099,108.8167,29.5931,2001.3357878588804
A8119,108.6586,29.7981,4104.482811122961
A8122,108.8642,29.3117,3414.8302803889815
A8123,108.6731,29.1961,5619.25042514559
A8124,108.6153,29.1933,4881.698459759984
A8125,108.6328,29.2817,5215.7537236269745
A8126,108.8236,29.3614,4884.638430556338
A8127,108.5989,29.5936,3451.0614946392648
A8128,108.67,29.4472,7221.193726796386
A8206,108.7458,29.5236,1589.2930476706533
A8211,108.7278,29.3639,3856.8483460569705
A8212,108.6406,29.5089,5435.432440833346
A8557,108.5967,29.8167,4243.461081778275
A8558,108.6164,29.6842,4912.666074857452
A8559,108.515,29.6425,3412.029489608457
A8560,108.5825,29.3647,5149.352901205728
A8561,108.7833,29.5167,2213.8911169843177
A8899,108.8464,29.2464,4125.232130619901
A9101,108.7642,29.5311,769.7260684675608
A9102,108.5694,29.5092,1547.634081588619
A9103,108.7647,29.3769,3856.8483460569705
57509,106.9186,28.9894,3161.2324202298555
A7013,106.9333,28.95,1672.4820505550292
A7037,106.8353,28.8658,1736.6860558824135
A7093,106.9667,29.0167,471.3734793003779
A7144,106.9608,28.9311,3402.5933291690358
A7145,106.9044,28.8728,2473.788785077603
A7146,106.81,28.8172,3910.0844570611284
A7506,106.8781,28.9464,3956.1346761765813
A7507,106.9292,28.8033,3525.3366100032754
A7508,106.8819,29.0617,2334.7032421535155
A8153,106.7742,28.8331,3641.863440028648
A8154,106.8536,28.8253,3134.86727478947
A8155,106.8686,28.9867,3968.589975814938
A8156,106.8842,29.0408,379.790000106237
A8157,106.9228,29.0414,3374.521839722087
A8209,106.8881,29.0406,379.790000106237
A8210,107.0006,28.945,2580.5079495395835
A8336,106.8394,28.8506,1736.6860558824135
A8495,106.9131,28.9283,3112.249220029561
A8496,106.9686,29.0206,471.3734793003779
A8565,106.9342,28.8347,2314.7840060331823
A9020,106.9672,28.8681,4911.484203997221
A9021,107.01,28.9233,2580.5079495395835
A9022,106.9117,28.8414,1091.2256709970316
A9023,106.91,28.8511,1091.2256709970316
A9041,106.9217,28.9611,1672.4820505550292
57426,107.7922,30.6806,2245.7415112418253
A7052,107.5333,30.6167,1057.4510381187868
A7105,107.5108,30.7397,2647.7053617370084
A7178,107.6467,30.5292,1891.9263300766588
A7179,107.6231,30.6925,1870.5884415501162
A7180,107.8914,30.7033,5373.402543670111
A7181,107.5764,30.5269,2846.136051428603
A7182,107.5758,30.7183,3509.5689378130887
A7183,107.8489,30.6356,2838.5828783775537
A7758,107.8064,30.5547,4346.7153723170995
A7759,107.6783,30.6597,784.2880666301144
A7760,107.4833,30.5336,4162.256107310667
A7761,107.9303,30.5175,6050.68370212065
A7763,107.9694,30.6583,3613.596874278602
A7764,107.7056,30.6083,2388.0779216347087
A7765,107.9053,30.5919,2895.1020428530164
A7766,107.8167,30.7417,2565.780025582802
A7768,107.6933,30.7936,1307.8361378239538
A7769,107.6569,30.7267,2818.0943459413093
A7770,107.9747,30.5944,1810.2704256595762
A7771,107.555,30.7792,981.3361562391657
A7772,107.7239,30.5131,2114.107151743373
A7773,107.5431,30.8139,2900.5159343433083
A7774,107.7231,30.8436,3069.599830134919
A7775,108.0531,30.6928,2637.819099781577
A7777,107.6975,30.8269,536.4678825439704
A8450,107.4953,30.8258,4752.456244218279
A8451,107.4606,30.7311,4094.7743746757487
A8452,107.7225,30.5925,2388.0779216347087
A8453,107.8933,30.6158,2895.1020428530164
A8454,107.8447,30.5842,4919.945104171008
A8600,107.7367,30.6917,1173.1766022601892
A8601,107.7253,30.6878,1173.1766022601892
A8602,107.7608,30.6419,3265.5257641153653
A8603,107.7931,30.6514,2998.2028443254403
A8604,107.8156,30.6789,2245.7415112418253
A8605,107.6931,30.8239,536.4678825439704
A8606,107.6678,30.805,2745.7026735452337
A8607,107.6919,30.7819,1307.8361378239538
A8608,107.6167,30.6653,2851.1551577316704
A8609,107.6369,30.7592,3519.1554208691196
A8610,107.6275,30.7286,2818.0943459413093
A8611,107.6081,30.7033,1870.5884415501162
A8612,107.6989,30.7319,4055.878158553159
A8613,107.7992,30.7592,2565.780025582802
A8614,107.4914,30.7567,2647.7053617370084
A8615,107.5239,30.6217,1057.4510381187868
A8616,107.5558,30.6156,2156.5906489819045
A8617,107.5419,30.5775,3339.3180467637094
A8618,107.5192,30.5547,3339.3180467637094
A8619,107.6717,30.5967,2478.884219438286
A8620,107.68,30.6528,784.2880666301144
A8621,107.6464,30.6675,2851.1551577316704
A8622,107.5633,30.7844,981.3361562391657
A8623,107.5653,30.7961,1314.9327693264238
A8624,107.4839,30.6825,3123.881669347429
A8625,107.515,30.6911,3123.881669347429
A8626,108.0503,30.7164,2637.819099781577
A8627,107.9372,30.6753,3613.596874278602
A8628,107.8244,30.65,2838.5828783775537
A8629,107.7894,30.7181,2173.7581571511723
A8630,107.77,30.7283,2173.7581571511723
A8631,107.6836,30.5769,1332.1477991489992
A8632,107.6769,30.5664,1332.1477991489992
A8633,107.6061,30.5261,2807.267901639269
A8634,107.5878,30.4989,3299.431599816595
A8635,107.535,30.72,3185.7154063934026
A8636,107.6297,30.7922,3733.3479495023585
A8637,107.8836,30.7692,7086.414271735985
A8638,107.7622,30.5458,4346.7153723170995
A8639,107.9661,30.6089,1810.2704256595762
A9181,107.7108,30.4978,2114.107151743373
57525,107.7456,29.3192,1456.4469113022515
A7017,107.7603,29.3219,1456.4469113022515
A7019,107.4522,29.4261,1536.3759453721073
A7020,107.8792,29.3014,4161.409755871308
A7049,107.5336,29.3833,4283.397512999639
A7050,107.7667,29.4028,2531.299489793076
A7051,107.8667,29.2481,3999.3099005332333
A7104,107.8722,29.3989,3339.6010185465984
A7128,107.9036,29.2289,2714.2632842083417
A7129,107.7953,29.2747,6186.117321123663
A7130,107.3892,29.4567,1149.3143368102844
A7577,107.4275,29.2542,1272.4643708656201
A7578,107.9525,29.5372,2374.1902164970666
A7579,107.6892,29.3844,2485.280712348829
A7580,107.6081,29.3975,834.4682490977693
A7581,107.3381,29.3731,1870.3555636699846
A7582,107.6261,29.2692,5428.881840705321
A7583,107.6864,29.2186,648.9647387913016
A7584,107.4833,29.3417,3728.3853043791355
A7585,107.3017,29.3986,3836.1007364459983
A7586,107.8108,29.1875,7450.373509574882
A7587,107.835,29.0936,8455.848180292074
A7588,107.9528,29.2675,3921.488565767819
A7589,107.9703,29.4472,3127.0613721113004
A7590,107.72,29.5511,7006.129984795484
A7591,107.455,29.4125,1536.3759453721073
A7592,108.0281,29.6064,7116.290443300088
A7599,107.6503,29.5247,4365.737319052515
A7600,107.8167,29.4625,3259.1162146354823
A8463,107.6953,29.2658,5318.96342631655
A8464,107.4353,29.245,1272.4643708656201
A8465,107.8375,29.5022,3603.3726612709947
A8466,108.0097,29.4969,6714.81204396557
A8467,107.7306,29.395,3603.153820301539
A8468,107.6392,29.3825,2446.720871124689
A8469,107.5672,29.3369,4482.947127468118
A8470,107.9478,29.3483,5085.5655169917545
A8950,107.4147,29.39,4636.876294453453
A8951,107.6892,29.2133,648.9647387913016
A8952,107.2853,29.3672,3836.1007364459983
A8953,107.4311,29.2811,3011.458319202235
A8954,107.9703,29.5519,2374.1902164970666
A8955,107.9003,29.5097,4726.277941338625
A8956,107.6642,29.3794,2446.720871124689
A8957,107.9181,29.2856,3921.488565767819
A8958,107.7878,29.3708,3712.295637209871
A8959,107.4247,29.3236,4764.490975331039
A8960,107.3672,29.4331,3380.029374628261
A8961,107.7742,29.4628,1885.1855788694943
A8962,107.3933,29.4664,1149.3143368102844
A8963,107.7928,29.4039,2531.299489793076
A8964,107.8811,29.2144,2714.2632842083417
A8965,107.6058,29.3147,4482.947127468118
A8966,107.4878,29.375,3728.3853043791355
A8967,107.3525,29.3619,1870.3555636699846
A8968,107.6825,29.4972,4365.737319052515
A8969,107.8406,29.3869,3339.6010185465984
A8970,107.8958,29.6028,8944.666004870838
A8971,107.2578,29.4114,4484.444001538765
A8972,107.4992,29.4075,3778.8420209277824
A8973,107.9589,29.3036,4057.4972223549776
A8974,107.3322,29.4311,3396.8262815722196
A8975,107.7867,29.4758,1885.1855788694943
A8976,107.6058,29.3636,1268.9293775409676
A8977,107.4694,29.3058,4213.214873488907
A8978,107.9953,29.4294,3127.0613721113004
A8979,107.9311,29.4311,4196.989128913346
A9025,107.7369,29.3406,2524.611897488184
A9034,107.8558,29.4653,3798.194768057493
A9049,107.6164,29.3703,1268.9293775409676
A9147,107.6028,29.4475,5550.691364041263
A9148,107.6869,29.4319,5003.006545346662
A9149,107.8572,29.5297,3603.3726612709947
A9244,107.6078,29.39,834.4682490977693
A9245,107.6414,29.4106,3131.8379747252015
A9246,107.7931,29.3303,3314.1368916456
57333,108.6633,31.9444,4338.717981350762
A6415,108.4008,32.0056,5954.519013167758
A7061,108.5333,31.7667,6396.415352285518
A7111,108.4564,32.1139,3737.502255822603
A7215,108.9167,31.8467,5854.361478384672
A7216,108.6967,32.0569,1150.2353411275176
A7217,108.7792,31.9736,3364.6703006709263
A7779,109.0972,31.7769,2841.096806109872
A7780,108.6131,31.9414,4748.469347512535
A7781,108.81,31.7344,6908.590322306308
A7782,108.3531,31.9383,8731.914812813913
A7783,108.5153,31.9975,2494.475670875726
A7784,108.3947,32.0589,5954.519013167758
A7785,109.1875,31.8406,956.6961373208624
A7786,108.7753,31.8825,4267.660428335898
A7787,108.9361,31.7406,5207.516075990621
A7788,108.6567,31.6844,5509.120106292126
A7789,108.8903,31.9092,4093.825958732026
A7790,108.7736,31.8264,3444.1803123248033
A7791,108.5183,31.9358,3202.430744960089
A7792,108.4775,31.8164,7638.968342256135
A7793,108.4511,32.1478,3802.401848493837
A7794,108.6508,31.8175,6038.601467827298
A7795,108.5781,31.7236,6396.415352285518
A8455,108.8092,32.0033,4212.538975942918
A8456,109.0958,31.7397,4138.568543743914
A8457,108.6647,32.0019,6044.159970786524
A8458,108.8614,31.8197,4794.913879026128
A8460,108.5489,32.1428,5152.478438890777
A8461,108.9439,31.8989,1593.840742486074
A8462,108.8472,31.8611,3845.324683545442
A8790,108.7425,31.9178,1391.8789301300556
A8791,108.6353,31.8839,4421.8123577204215
A8792,108.5389,31.9783,3084.1377605159146
A8793,109.175,31.7756,6992.793907266102
A8794,109.1381,31.7211,4503.519844515365
A8795,109.0322,31.8922,3851.3095236910126
A8796,108.5978,32.0239,5110.923987225186
A8797,108.7022,31.9236,3857.8086483348347
A8798,108.85,31.8956,3845.324683545442
A8799,108.7419,31.8417,3444.1803123248033
A8900,108.5142,32.0422,2957.4399654815297
A8901,108.9906,31.7339,5207.516075990621
A8902,109.0703,31.7883,2841.096806109872
A8903,108.4633,32.0808,3737.502255822603
A8904,108.4856,31.9281,2747.6462049936304
A8905,108.8664,31.7739,5114.603039498699
A8906,108.5375,32.0097,1328.0332340067785
A8907,108.4942,32.1414,4119.779467256157
A8908,108.5711,31.9839,3100.2208797175003
A8909,108.7319,31.9633,4606.508883353497
A8910,108.5333,32.0211,1328.0332340067785
A8911,108.8136,31.9656,859.6456721743588
A8912,108.7086,32.0592,1150.2353411275176
A8913,108.7392,31.9056,1391.8789301300556
A8914,108.7244,32.0217,4427.777249015095
A8915,108.8106,31.9583,859.6456721743588
A8916,108.9964,31.8756,3851.3095236910126
A8917,108.4567,31.9311,2747.6462049936304
A8918,108.6039,31.8544,4421.8123577204215
A8919,108.5592,31.8947,5982.341854317766
A9029,108.955,31.8881,1593.840742486074
A9180,108.7108,31.6661,5509.120106292126
A9939,108.7383,31.7831,5857.419120313805
57523,107.7594,29.9006,2405.6829830575884
A7010,107.7333,29.8667,2916.5729333642466
A7044,107.9931,29.8483,3370.63175573405
A7045,107.8333,29.7667,2640.047129652122
A7046,107.8286,29.9572,6945.659946150058
A7047,107.7333,29.9833,5666.000579080122
A7048,107.5667,30.15,5228.008780006771
A7102,108.1461,29.725,6479.359734214904
A7103,107.8,30.1833,3704.33099204217
A7184,107.6333,30.5167,1891.9263300766588
A7185,108.1,29.8,4046.4531157305614
A7527,107.865,29.7981,4399.587731208816
A7528,107.6167,30.0,3338.203557653497
A7529,107.7,30.2167,3707.1385676534833
A7530,107.7303,29.8406,2916.5729333642466
A7531,107.7428,30.0472,4236.520610628977
A7532,108.0333,29.9167,2934.6454198228043
A7533,107.6667,30.1167,5269.159718960139
A7534,107.7,29.8833,1745.976072579288
A7535,107.6403,29.9064,2838.3598732820064
A7536,107.5089,29.9944,2538.452215961968
A7537,107.6406,29.8422,1613.4474021297287
A7538,107.9158,30.0442,2077.1639797900684
A7539,107.7011,30.0594,4236.520610628977
A7540,107.7333,30.1333,6665.984125414286
A7541,107.6833,29.7667,5492.682550247264
A7542,108.0042,29.7461,3694.232951817303
A7543,107.7728,29.8628,3476.6976230658474
A7545,107.8667,30.0167,3338.9449941357566
A7594,107.7503,29.9275,3117.079574363505
A7595,108.1011,29.6281,6315.1432851551635
A7596,107.7578,29.6711,5140.1367761273295
A7597,107.9244,29.81,5567.415061494446
A7956,107.9583,29.8511,3370.63175573405
A7957,107.6411,30.1831,2671.6757693703507
A7958,107.8939,29.7675,4399.587731208816
A7959,107.9011,29.7128,6121.957909601437
A7960,108.0117,29.8981,2934.6454198228043
A7961,107.97,29.9481,6860.093420655503
A7962,108.0611,29.8136,4046.4531157305614
A7963,107.6914,30.1842,3707.1385676534833
A8296,107.8903,29.9947,2859.423835350399
A8297,107.7822,29.9094,2405.6829830575884
A8298,107.6997,29.7194,5492.682550247264
A8299,107.665,29.9203,2838.3598732820064
A8300,107.9178,30.0044,2859.423835350399
A8340,107.8214,29.7022,3032.563924331384
A8341,107.9178,30.0628,2077.1639797900684
A8342,107.6289,29.9719,3338.203557653497
A8343,108.0094,29.6683,7116.290443300088
A8344,108.0711,29.7044,7185.952339838784
A8828,107.7283,29.8106,3341.42239411498
A8829,107.8086,29.7769,2640.047129652122
A8830,107.6747,29.9878,4752.433572403583
A8831,107.5261,30.0117,2538.452215961968
A8832,107.8122,30.1517,3704.33099204217
A8833,107.7906,29.7075,3032.563924331384
A8834,107.8078,29.8553,3476.6976230658474
A8835,107.6125,30.1236,5269.159718960139
A9088,108.1664,29.63,4911.552814650583
A9089,107.6575,30.2025,2671.6757693703507
A9090,107.9819,29.7731,3694.232951817303
A9091,107.8994,30.1172,3086.1087889808828
A9240,107.6886,29.8711,1745.976072579288
A9241,107.6358,29.8561,1613.4474021297287
57425,107.4031,30.3114,975.281374418357
A7014,107.3369,30.3325,2830.7509644290067
A7043,107.4394,30.2803,3651.6879046601002
A7101,107.4025,30.1256,3055.872918095499
A7175,107.3206,30.1431,771.0915613100819
A7176,107.325,30.0256,4497.419221351049
A7177,107.5411,30.4156,2702.8101315812096
A7544,107.5067,30.2153,3162.9142098892994
A7546,107.4036,30.4228,2360.449321262301
A7547,107.4131,30.2372,3295.8846571307654
A7548,107.5211,30.1244,5228.008780006771
A7549,107.3064,30.1764,3002.9239089375383
A7550,107.6064,30.4725,3434.245664608703
A7551,107.5389,30.2094,2000.6316784965904
A7552,107.4775,30.4117,2056.043081134465
A7553,107.5194,30.3497,5626.496000987083
A7554,107.4058,30.3931,3309.2216092891076
A7555,107.4308,30.1514,2134.3876701822483
A7556,107.3625,30.0775,5317.841915485187
A7557,107.2733,30.0889,3401.6855381392347
A7558,107.4122,30.3075,975.281374418357
A7559,107.2986,30.2583,6433.239917490216
A7560,107.3769,30.2683,4903.962223447215
A7561,107.3386,30.2119,1863.821076546185
A7964,107.4472,30.0764,4329.763326103792
A7965,107.3792,30.4131,2576.348813255205
A7966,107.4617,30.4242,2056.043081134465
A7967,107.4375,30.1697,2134.3876701822483
A7968,107.5075,30.4403,1754.3760366587496
A7969,107.4761,30.2717,3651.6879046601002
A7970,107.5008,30.1797,3214.280296787969
A7971,107.3714,30.0303,4497.419221351049
A7972,107.5258,30.4403,1754.3760366587496
A8345,107.4492,30.0375,4329.763326103792
A8346,107.565,30.2572,3485.4039861654546
A8347,107.4847,30.4492,2399.286373185252
A8348,107.5192,30.4003,2702.8101315812096
A8349,107.3214,30.15,771.0915613100819
A8350,107.37,30.2086,2001.2137216756098
A8351,107.4272,30.1886,2323.1217750481387
A8352,107.4456,30.2467,3295.8846571307654
A8353,107.3686,30.3614,4423.264554624527
A8354,107.3964,30.4431,2360.449321262301
A8872,107.3231,30.355,2830.7509644290067
A8873,107.2869,30.1975,3002.9239089375383
A8874,107.3519,30.1997,1863.821076546185
A8875,107.4339,30.1214,3055.872918095499
A8876,107.4758,30.1989,3214.280296787969
57437,108.0239,30.2956,6057.3225991765385
A7053,107.6517,30.2617,5598.225485156822
A7106,108.0714,30.4989,3986.4060278727293
A7193,107.8756,30.4903,2637.0348851931376
A7194,107.8428,30.3181,3283.150066435767
A7195,108.0083,30.2047,5149.492621931691
A7196,107.8375,30.2061,4406.436134655222
A7197,107.9967,30.4819,4442.131955267824
A7626,108.1928,30.4261,4153.250029636566
A7627,107.7361,30.3756,5032.476466695253
A7628,107.9275,30.1306,3086.1087889808828
A7629,108.0639,30.1939,2555.635661256611
A7630,107.715,30.3192,4850.685893320215
A7631,107.9425,30.4208,5052.055782418808
A7632,108.1244,30.4156,953.5422400227378
A7633,108.085,30.5619,6067.203463962817
A7634,107.5861,30.2317,3245.0446431998234
A7635,107.8392,30.4331,6051.618486582471
A7636,107.7281,30.48,2581.7465893329604
A7637,108.1611,30.4964,3885.5516908565237
A7638,107.6886,30.3564,3953.347249739948
A7639,107.8783,30.1386,1516.7590402610758
A7640,108.0456,30.0817,6694.3216788644195
A7641,108.0039,30.1469,4907.2308425790725
A7642,107.9483,30.3094,5275.89972325464
A7643,107.8836,30.3181,3916.289064542393
A7644,107.8669,30.3842,3754.4768594792918
A7645,107.9892,30.3411,3960.8528939911184
A7646,108.0522,30.4136,6194.919603135968
A7973,107.8069,30.3594,5741.014701048365
A7974,107.7736,30.4472,5685.0447923501415
A7975,108.0275,30.5283,3352.8012684351766
A7976,107.8708,30.1506,1261.7237842351149
A7977,107.6883,30.4228,6968.67419844531
A7978,108.0481,30.4692,3986.4060278727293
A7979,107.9925,30.5278,3352.8012684351766
A7980,107.7633,30.5058,3860.7953975511023
A7981,108.2117,30.4861,4298.4218641219995
A8355,108.0053,30.3739,3960.8528939911184
A8356,107.9097,30.1747,2603.0603802319242
A8357,107.9372,30.215,1889.6032038626481
A8358,108.0969,30.2892,3134.5159383894356
A8359,107.8853,30.3544,3754.4768594792918
A8360,108.0778,30.25,3879.504499396273
A8361,108.1092,30.4467,3050.750341301734
A8362,108.1383,30.5253,3885.5516908565237
A8363,107.9547,30.465,4442.131955267824
A8364,107.8533,30.5042,2637.0348851931376
A8365,107.6128,30.2992,5598.225485156822
A8366,107.6581,30.3325,3953.347249739948
A8592,108.1269,30.4239,953.5422400227378
A8593,107.8533,30.29,3283.150066435767
A8594,108.0519,30.1619,3740.535342854142
A8595,107.5589,30.2144,2000.6316784965904
A8596,108.0736,30.2153,2555.635661256611
A9157,107.9219,30.1956,2603.0603802319242
A9158,107.9711,30.0608,5134.283044209993
A9247,107.8836,30.1531,1261.7237842351149
A9248,107.9567,30.2172,1889.6032038626481
57339,108.6858,30.9422,6740.268623537306
A7057,108.75,30.8667,4626.471061412545
A7058,108.9958,31.1544,4134.470530520301
A7109,108.7333,31.1833,3586.441027663538
A7191,108.5,31.0333,3960.4126368270813
A7192,109.0561,30.9331,4809.221745773474
A7647,108.6289,31.1708,3776.4498127533616
A7648,108.8833,31.3361,4435.423196777004
A7649,108.8422,31.1083,3525.135834091193
A7650,108.8778,30.7414,668.4112230122932
A7651,109.0414,31.2222,4658.337694870152
A7652,109.0436,30.8258,829.4766557998504
A7653,108.8664,30.8061,6419.239121837111
A7654,108.7361,31.3747,4232.277757991309
A7655,108.8481,31.0042,7876.977428368239
A7656,108.6903,31.2361,4456.028784894892
A7657,108.6878,31.1069,5963.183172992951
A7658,108.6117,31.1353,927.4969333314598
A7659,108.6608,30.9989,6277.732054534443
A7660,108.5764,30.9572,6448.496711750752
A7661,108.8469,31.2875,6415.735988446667
A7662,108.6786,31.29,4878.451621020358
A7663,108.9583,30.9283,849.2119373012408
A7664,108.8144,31.2194,4108.920120868502
A7665,108.8494,30.8833,7758.719824911662
A7666,108.7642,30.7811,5513.272614305439
A7667,108.9022,30.6508,1046.1987665704896
A7668,108.9331,31.1586,3448.050076019024
A7669,108.9936,30.6656,5313.886226881297
A7670,109.1564,30.9656,4776.882589567222
A7671,108.9039,31.3719,4435.423196777004
A7673,109.0225,30.9864,6737.235520533164
A7675,109.0342,31.0836,6094.873924445586
A8479,108.7647,31.4039,4232.277757991309
A8480,108.3408,31.065,2834.4215094914575
A8481,108.9289,31.1278,3448.050076019024
A8482,108.7186,31.1536,3586.441027663538
A8483,108.9736,31.2931,4482.2120411312535
A8484,108.6256,30.9053,3652.3547270790964
A8485,108.7656,31.0,5467.935973708984
A8486,108.7811,30.9433,6475.627444118476
A8920,108.7803,31.1281,6290.404138148958
A8921,109.0383,31.1383,4423.053129938754
A8922,109.0264,31.1808,4134.470530520301
A8923,108.5758,31.0497,5290.549724235435
A8924,108.9975,31.2408,4658.337694870152
A8925,108.86,31.1361,3525.135834091193
A8926,108.8167,31.1825,4108.920120868502
A8927,108.9728,30.7508,4042.5410832495286
A8928,108.7867,31.3378,5298.576597228897
A8929,108.7178,31.0272,5467.935973708984
A8930,108.5497,31.0917,5290.549724235435
A8931,108.6486,31.2544,3834.706444167668
A8932,108.8658,30.6117,5570.642355699265
A8933,108.9381,30.6678,3919.806311817432
A8934,108.9553,30.7839,4042.5410832495286
A8935,108.8006,30.8275,6221.397318285768
A8936,108.7172,30.8217,3811.819610273976
A8937,109.0067,30.7183,4853.63632346571
A8938,109.0378,30.8928,4809.221745773474
A8939,108.6281,31.2247,3834.706444167668
A8940,108.9569,31.3308,4482.2120411312535
A8941,108.7575,31.2972,5298.576597228897
A8942,108.8894,31.2344,7154.11711529827
A8943,109.1619,31.0083,2869.3198186811805
A8944,108.8792,30.7078,3738.545379981784
A8945,108.4608,31.0011,5174.397044734686
A8946,109.1083,30.9975,4566.938606635358
A8947,108.9267,31.0319,5812.546398237739
A8948,108.9681,31.0703,5812.546398237739
A8949,108.9203,30.8406,6419.239121837111
A9265,108.8811,30.7467,668.4112230122932
A9266,108.6211,31.1375,927.4969333314598
A9267,108.7053,30.8828,4626.471061412545
A9268,108.9672,30.9281,849.2119373012408
A9269,109.1414,31.0272,2869.3198186811805
A9270,108.9442,30.9492,2685.007211870783
57348,109.4783,31.0281,1466.3063516479472
A7059,109.26,31.33,3631.220084548686
A7060,109.3853,30.6394,4148.594987860514
A7110,109.3694,31.0319,2183.2746003893785
A7201,109.5022,30.9811,5420.814657552435
A7202,109.3481,31.1522,2574.9852989700985
A7676,109.4636,31.0242,1466.3063516479472
A7677,109.1583,30.7103,7402.943203959895
A7678,109.1783,30.8942,8209.517970497242
A7680,109.6206,31.0908,4148.977888413213
A7681,109.1978,31.1269,1675.224957899149
A7682,109.2528,30.9808,5143.27707891241
A7683,109.2708,30.88,2456.687516222343
A7684,109.1183,30.6533,4594.423784208849
A7685,109.5081,30.8361,4386.952368469717
A7686,109.0486,30.8197,829.4766557998504
A7687,109.3922,30.8611,1584.2681935914359
A7688,109.5428,30.9269,7163.160305639594
A7689,109.1258,30.6011,2103.9309085520467
A7690,109.3453,31.3894,3644.902720145424
A7691,109.3225,31.1447,2574.9852989700985
A7692,109.6581,30.7542,11890.746224031289
A7693,109.2956,31.3181,3631.220084548686
A7694,109.3372,30.6706,5762.421850576844
A7695,109.435,31.1083,2630.8147426241485
A7696,109.5069,31.1311,4525.898223374473
A7697,109.5233,31.1919,5035.225105649365
A7698,109.4719,30.9,5558.042944777044
A7699,109.0981,31.1247,4251.113869622699
A7701,109.3525,30.615,4148.594987860514
A7702,109.5583,30.8306,4831.896536583129
A7703,109.4544,31.2225,3892.7629224236775
A7704,109.0931,31.3572,5982.910955204976
A7982,109.4836,30.7397,3645.978622490693
A7983,109.4569,30.9483,5558.042944777044
A7984,109.515,31.0286,2795.461294996722
A7985,109.1808,31.1308,1675.224957899149
A7986,109.3664,30.5486,7502.286805315973
A7987,109.1242,30.8278,7274.891145292845
A7988,109.4764,30.7719,3549.71243457516
A7989,109.5836,31.0711,4148.977888413213
A7990,109.4986,30.7975,3549.71243457516
A7991,109.4431,30.7878,3639.4991734450837
A8109,109.2686,30.7714,7065.430888765239
A8111,109.4847,31.0917,2356.8665704478235
A8112,109.5008,31.0506,2512.7543785231037
A8367,109.4344,30.6583,1308.6697827252187
A8368,109.4461,30.6522,1308.6697827252187
A8369,109.2744,31.0414,2691.992584887696
A8370,109.5842,31.1542,2811.33462273808
A8371,109.1128,31.0886,4251.113869622699
A8372,109.7033,31.1275,5358.773963187045
A8373,109.2114,31.26,5259.573387412035
A8374,109.3219,31.2181,7739.997610080264
A8375,109.2364,31.3022,3818.5986758880404
A8376,109.2644,30.9014,2456.687516222343
A8377,109.5736,31.1778,2811.33462273808
A8378,109.5172,31.0683,2512.7543785231037
A8534,109.5511,31.1161,4525.898223374473
A8535,109.1811,31.1131,1968.357367874608
A8536,109.2136,31.1142,2063.093423071239
A8537,109.1944,31.1489,2392.907581875936
A8538,109.24,30.83,6289.266568941186
A8539,109.1392,30.6161,2103.9309085520467
A8541,109.6478,31.1356,5358.773963187045
A8542,109.4072,30.8672,1584.2681935914359
A8543,109.3939,30.9214,6158.929537481584
A8544,109.1269,31.2258,8139.875273895183
A9004,109.4617,31.1144,2630.8147426241485
A9045,109.2839,31.0186,2691.992584887696
A9243,109.475,31.0722,2356.8665704478235
A9909,109.3883,31.0208,2183.2746003893785
57349,109.8567,31.0758,1165.294234542923
A7012,109.8667,31.0667,946.4042705332705
A7063,109.75,30.9333,3815.2299936739714
A7064,110.0917,31.2039,3349.005997690139
A7113,109.8667,31.2667,4951.870249434425
A7204,109.7414,31.2383,3604.5977864986335
A7205,110.1,30.9283,4723.251820964111
A7706,109.8161,31.2561,4951.870249434425
A7707,109.8736,31.0353,3552.853365499219
A7708,109.9744,31.4036,4019.802234381073
A7709,109.9214,31.2703,3773.2857698320604
A7710,109.6408,31.3033,1066.689027095337
A7711,110.0042,30.9619,5380.603613873288
A7712,109.8478,30.9561,4470.425566274658
A7713,109.6525,30.9844,8679.431610754164
A7714,109.64,30.86,4170.790149823367
A7715,109.7458,31.0356,4803.731948499631
A7716,109.8689,31.1919,4997.763483878195
A7717,109.8689,31.075,946.4042705332705
A7718,109.9033,31.3408,2357.9485174356905
A7719,109.7119,30.8511,2803.4353636716605
A7720,110.0992,31.0881,4869.5878623529225
A7721,110.0531,30.8486,8766.018795856806
A7722,109.9433,31.1822,4523.201133036562
A7723,110.0317,31.2817,2333.370713986852
A7724,110.0944,31.1317,4869.5878623529225
A7725,110.0667,31.0167,3902.4609497444135
A7726,109.7422,31.0839,4551.721932566674
A7727,110.0356,31.2,2877.1800006466624
A7729,109.9725,31.0886,3198.6507763122067
A7730,109.7672,31.3289,4916.400472731946
A7992,110.1269,31.2031,3349.005997690139
A7993,109.8092,31.0986,4548.925794151996
A7994,109.7647,31.1358,5916.528052599783
A7995,109.6517,31.2736,3461.1007090166177
A7996,109.8258,30.9206,4470.425566274658
A7997,109.7703,30.8942,4759.525441029907
A7998,109.6053,30.8828,3589.6800419670326
A7999,109.7081,30.8761,2803.4353636716605
A8015,109.6983,31.2517,4359.895043611683
A8379,109.9583,31.1436,3268.3571773961107
A8380,110.04,31.2256,2877.1800006466624
A8381,109.81,31.0361,3967.06381424471
A8382,109.9675,31.0281,3029.9139813255665
A8383,109.73,31.2933,5306.530537441203
A8384,109.7839,31.0639,3967.06381424471
A8385,110.0603,31.2925,2212.239412076856
A8386,109.6261,30.9097,3589.6800419670326
A8387,109.9075,31.3617,2357.9485174356905
A8388,110.0542,31.2733,2212.239412076856
A8389,109.9664,31.3681,4019.802234381073
A8390,109.9611,31.2706,3773.2857698320604
A8823,109.7722,31.2194,3604.5977864986335
A8824,109.8189,31.1781,4997.763483878195
A8825,109.9161,31.1342,947.1876046559199
A8826,109.8836,31.0744,1401.5860489551883
A8827,110.1525,31.2361,4403.507367992929
A9011,109.7842,30.9511,3815.2299936739714
A9012,110.0511,30.935,4723.251820964111
A9253,109.9864,30.9028,5568.548680378132
A9254,109.9394,30.9325,5568.548680378132
A9255,109.9297,31.0489,3269.507073502252
A9256,109.9606,31.0617,856.3153329926283
A9257,109.9656,31.0553,856.3153329926283
A9258,110.0053,31.0164,899.5076174855999
A9259,110.0261,31.0117,2049.948369495673
A9260,110.115,31.0303,1111.0241885348996
A9261,110.1097,31.0392,905.3825522146136
A9262,110.1022,31.0342,905.3825522146136
A9263,110.0039,31.0244,899.5076174855999
A9264,109.9244,31.1389,947.1876046559199
57345,109.6203,31.3983,827.3872090117736
A7062,109.23,31.3978,2638.8635550991758
A7099,109.5214,31.5764,858.5260987141558
A7112,109.0697,31.5419,6684.118568224686
A7203,109.4297,31.3267,3813.0743981175337
A7731,109.4819,31.3192,2210.7433053258783
A7733,109.6747,31.6122,3440.6292028967996
A7734,109.0878,31.6,6684.118568224686
A7735,108.8669,31.5242,4317.698766871207
A7736,109.0603,31.47,7280.181664763448
A7737,109.3808,31.4019,2052.1496113680364
A7738,109.3011,31.3867,4206.306906084064
A7739,109.4553,31.2575,3892.7629224236775
A7740,109.3731,31.3122,5613.089788888693
A7741,109.6711,31.3864,2521.424581627937
A7742,109.7406,31.3922,2428.2196485274794
A7743,109.2303,31.6322,6558.965227496584
A7744,109.6208,31.5022,1670.2694804012651
A7745,109.5467,31.4661,4872.405433724235
A7746,109.4228,31.6536,4687.2914772128015
A7747,109.6256,31.665,5088.179073709004
A7748,109.6239,31.4642,1842.835787214428
A7749,109.6211,31.4478,1842.835787214428
A7750,109.4339,31.4319,3813.845848376741
A7751,109.5606,31.2939,2329.1384825022396
A7752,109.3447,31.4683,1351.1572083155454
A7753,109.5003,31.3983,2250.9108625913773
A7754,109.0511,31.405,5321.3178405768695
A7755,108.9014,31.4328,4980.116956306166
A7756,108.8667,31.3992,4656.659152278626
A7757,109.3231,31.5908,9249.930513434425
A8110,109.5722,31.5675,3632.979691779846
A8487,109.5386,31.4186,2153.3947884595204
A8488,109.5106,31.4242,2458.0212225653263
A8489,109.4992,31.4828,4872.405433724235
A8490,109.3836,31.3836,2052.1496113680364
A8491,109.7244,31.3753,2428.2196485274794
A8492,109.3939,31.4353,3813.845848376741
A8493,109.2408,31.4197,231.04289947321288
A8494,109.5228,31.4047,2153.3947884595204
A8517,109.7586,31.3725,2778.1571564968785
A8760,109.6744,31.3639,2521.424581627937
A8761,109.6517,31.3056,1066.689027095337
A8762,109.7919,31.4169,5589.93058569764
A8763,109.4381,31.5689,3868.526965457384
A8764,109.5894,31.5383,3547.574052743002
A8765,109.3742,31.6617,4687.2914772128015
A8766,108.9286,31.6358,5860.898414552214
A8767,109.1069,31.4097,5321.3178405768695
A8768,109.4875,31.6744,4985.086109768447
A8769,109.4722,31.6217,5869.691286654461
A8770,108.9689,31.4189,6588.552603700738
A8771,109.1697,31.6608,6558.965227496584
A8772,109.4789,31.5675,3868.526965457384
A8773,108.9111,31.5336,4317.698766871207
A8774,109.5717,31.3975,3822.5012804707753
A8775,109.2544,31.4253,1236.1818931377995
A8776,109.8211,31.47,6521.963583575606
A8777,109.2422,31.4214,231.04289947321288
A8778,109.5297,31.5733,858.5260987141558
A8779,109.1889,31.4828,8495.604092988196
A8780,109.2156,31.3775,2638.8635550991758
A8781,109.59,31.5064,2957.102189882665
A8782,109.3203,31.4425,2659.556059672512
A8783,109.4603,31.3489,3813.0743981175337
A8784,109.4992,31.3325,2210.7433053258783
A8785,109.54,31.6781,4985.086109768447
A8786,109.3044,31.4622,2659.556059672512
A8787,109.3544,31.4772,1351.1572083155454
A8788,109.6336,31.365,3087.5699496824896
A8789,109.5431,31.3733,1923.4655717470382
A9142,109.5508,31.3131,2329.1384825022396
A9145,109.6728,31.6431,3440.6292028967996
A9146,108.9275,31.5831,5719.288579648851
A9249,109.6369,31.5083,1670.2694804012651
A9250,109.5592,31.3628,1923.4655717470382
A9251,109.6286,31.3953,743.8702448410579
A9252,109.6225,31.3911,743.8702448410579
57438,108.1206,29.9933,1404.9476724715175
A7004,108.1458,30.0297,4072.3006286256373
A7068,108.2178,30.3956,4153.250029636566
A7115,108.2686,30.2036,787.3696441901167
A7208,108.3831,30.25,3504.2984131683484
A7209,108.4,30.0167,7542.548235110916
A7210,108.3444,29.7781,6629.643315290345
A7211,108.3597,30.4253,6817.984262199315
A7893,108.5531,30.1436,9540.500369416064
A7894,108.2686,29.9369,3357.8609798912544
A7895,108.1106,30.0025,1404.9476724715175
A7896,108.0869,29.9422,3432.793428221829
A7897,108.2453,30.1056,1112.2452445012816
A7898,108.1281,30.2975,3134.5159383894356
A7899,108.1403,30.3497,5059.393052846286
A7901,108.4022,30.5142,6075.408126262302
A7902,108.3897,29.9164,6697.638201527257
A7903,108.4694,29.9281,4162.441760462276
A7906,108.4856,30.2514,4198.038720379401
A7907,108.1881,30.03,3515.652902682181
A7908,108.2264,30.2642,7863.988688654944
A7909,108.265,29.8389,8948.362412256025
A7910,108.1461,30.1972,4593.348700142882
A7911,108.1147,30.0747,5830.733584540469
A7912,108.1783,30.1283,6078.604114446094
A7913,108.1083,29.8969,2257.7714366795117
A7914,108.1925,30.3433,5059.393052846286
A8016,108.3458,29.9631,4208.9018232798735
A8017,108.4606,30.0597,7542.548235110916
A8018,108.3014,30.0175,5248.323512516467
A8019,108.1175,30.2303,4398.068873055885
A8020,108.2583,30.3733,4608.770682580673
A8021,108.0831,29.8625,4531.508117182365
A8022,108.2061,29.7511,6479.359734214904
A8023,108.3808,30.2825,3620.5794735488303
A8391,108.4167,30.2103,2337.677200608328
A8392,108.2342,30.1028,1112.2452445012816
A8393,108.3125,29.9386,4208.9018232798735
A8394,108.2717,30.1403,3982.5673180585286
A8395,108.3075,30.3358,5268.320700441226
A8396,108.3186,30.2894,5268.320700441226
A8397,108.3308,30.0964,7492.724405821071
A8398,108.3639,29.8414,7285.744794296564
A8399,108.3803,30.1997,2706.390193012395
A8400,108.2733,30.1978,787.3696441901167
A8401,108.4964,29.9983,5592.642709318951
A8402,108.4547,29.9633,4162.441760462276
A8846,108.24,29.9164,3511.6884158950643
A8847,108.1078,29.9172,2257.7714366795117
A8848,108.1678,29.9172,5782.672516575321
A8849,108.5133,30.2222,4198.038720379401
A8850,108.2556,30.1733,3211.853871805606
A8851,108.2361,29.9478,3357.8609798912544
A8852,108.2153,30.0511,3515.652902682181
A8853,108.2544,29.9936,5248.323512516467
A9517,108.3953,30.2203,2337.677200608328
57635,109.0161,28.3664,3166.2567167138886
A7018,108.9889,28.4522,4665.512264680264
A7073,108.9094,28.3792,5330.785428343223
A7119,108.9222,28.4258,5330.785428343223
A7218,108.95,28.2667,3948.293386464593
A7219,108.8833,28.5333,4115.678029116784
A7220,109.1036,28.6728,5948.562275463833
A7849,109.0414,28.6056,5677.642691177285
A7850,109.185,28.7428,2402.9733604802714
A7851,109.2858,28.5675,9595.627620814854
A7852,109.0308,28.2672,4630.977426397307
A7853,108.8047,28.33,3291.403048325692
A7854,109.0136,28.5083,2813.875108573739
A7855,109.1219,28.6106,3306.692838378088
A7856,109.1697,28.5225,3850.7333033016994
A7857,109.1711,28.4611,1241.754304968126
A7858,109.0564,28.3831,4058.2669182234386
A7859,109.0689,28.3483,3396.4778953362224
A7860,108.7222,28.2828,9632.128066407866
A7861,108.9075,28.5636,4115.678029116784
A7862,109.1578,28.5847,1768.5642903039366
A7863,109.0044,28.645,2862.16470482356
A7864,109.1681,28.8008,4263.078920938609
A7865,108.9942,28.1886,8993.120115693211
A7866,108.8417,28.4906,1734.5079884448144
A7867,109.1639,28.4519,1241.754304968126
A8025,109.1772,28.7633,2402.9733604802714
A8026,109.1642,28.6669,2295.0506025355085
A8027,109.1189,28.4339,2068.8035160691798
A8028,109.0981,28.5803,4092.7745316986934
A8029,109.225,28.4956,2690.2983255048252
A8030,109.0347,28.3431,3166.2567167138886
A8077,109.1083,28.3456,3867.4093993751467
A8078,109.1156,28.7825,5333.516347468545
A8079,109.2081,28.5147,2690.2983255048252
A8096,109.1403,28.7397,4371.6703597710775
A8097,109.1792,28.6828,2295.0506025355085
A8098,109.1194,28.4153,2068.8035160691798
A8403,108.9881,28.6664,2862.16470482356
A8404,109.1397,28.5853,1768.5642903039366
A8405,108.8278,28.5003,1734.5079884448144
A8406,108.9631,28.4875,4665.512264680264
A8407,108.9667,28.35,2849.103128959838
A8408,109.05,28.45,5809.907657523456
A8409,108.9906,28.5472,4874.286463019061
A8410,108.825,28.3536,2807.279439449912
A8411,108.9497,28.3292,2849.103128959838
A8412,108.8106,28.5469,5447.349412095097
A8413,108.8267,28.2942,4526.017312806207
A8414,108.9108,28.275,3948.293386464593
A8415,108.905,28.2392,4021.107591149612
A8587,109.0414,28.5017,2813.875108573739
A8588,108.8792,28.6061,4768.678207764907
A8589,109.2461,28.7483,5988.056482438725
A8590,108.8056,28.3722,2807.279439449912
A8591,109.0658,28.2392,4630.977426397307
A9179,109.13,28.5444,4579.3994599521475
57633,108.7672,28.8219,4698.630956652189
A7072,108.8017,29.0522,4236.796006812636
A7118,108.9575,28.9278,4895.0352517989
A7212,108.6094,28.5269,6368.7093351233825
A7213,109.155,29.0975,3078.1400244925953
A7214,108.5989,29.0,5677.568495301098
A7221,108.5903,28.8767,5548.921562302954
A7222,108.4,28.6928,2526.275433649703
A7223,108.3903,28.8836,4792.02929161705
A7224,108.6478,28.3964,1814.0022335033261
A7225,109.2364,29.0319,3938.4453975317333
A7226,108.5431,29.0825,5769.616624359952
A7227,108.9142,29.0056,4788.051522203155
A7228,108.7289,28.8942,4655.706424804637
A7229,108.9131,28.7975,7798.713158506391
A7230,109.0569,28.9769,5951.800107440123
A7822,109.1336,28.9503,6397.751454752265
A7823,108.9583,28.9797,3151.6451585292853
A7824,109.0167,29.2333,4077.983451723693
A7825,108.3528,28.9269,6042.07537980568
A7826,108.5453,28.7753,3878.376215162136
A7827,108.9594,28.7403,7798.713158506391
A7828,109.1206,28.8939,6397.751454752265
A7829,108.6369,28.6594,4795.250062503288
A7830,108.8672,28.9011,4382.7118236087745
A7831,109.1047,29.0297,7488.578756086769
A7832,108.6967,28.6994,7109.040709800791
A7833,108.46,29.0492,3771.9646286359493
A7834,108.91,29.1303,10117.477645712777
A7836,108.7047,28.9542,2460.528631294056
A7837,109.1125,29.1205,4856.801357239839
A7838,108.6506,29.0411,1824.5295452051637
A7839,108.6722,28.6294,2932.0361771586927
A7840,108.9922,29.2631,4077.983451723693
A7841,108.4317,28.8603,4792.02929161705
A7842,108.3844,28.8061,7586.224231516406
A7843,108.6847,28.7825,3630.362624093004
A7844,108.7014,28.6356,2932.0361771586927
A7845,108.7614,28.6036,6852.746930296727
A7846,108.8086,28.7522,826.3785393014664
A7847,109.0392,29.1417,7499.719108632617
A7848,108.9261,28.6181,4768.678207764907
A8080,108.5103,28.7919,3878.376215162136
A8081,109.0089,28.9269,5003.328615121485
A8082,109.0106,29.0119,5951.800107440123
A8083,108.5233,29.0136,6294.2460927746015
A8084,108.5933,28.4714,6368.7093351233825
A8085,108.9103,28.9125,4382.7118236087745
A8086,108.6503,28.7689,1351.0679875024555
A8087,108.8064,28.7806,3165.208258511336
A8416,108.6475,28.7808,1351.0679875024555
A8417,108.7619,28.8639,4655.706424804637
A8418,108.8311,28.8764,976.7563773083291
A8419,108.7744,29.0225,4236.796006812636
A8420,108.8742,28.9508,5520.814547299249
A8421,109.2564,29.0011,3938.4453975317333
A8422,108.6814,28.9456,1371.1794647516467
A8423,108.3928,28.7328,4502.8799522974705
A8424,108.8139,28.7464,826.3785393014664
A8425,109.185,29.1064,3078.1400244925953
A8426,108.3778,28.6811,2526.275433649703
A8522,108.6742,28.935,1371.1794647516467
A8562,108.6142,28.8314,5548.921562302954
A8566,108.8292,28.9847,3722.1496690388517
A8568,108.65,29.0247,1824.5295452051637
A8569,108.9306,28.965,3151.6451585292853
A8570,108.5386,29.1411,2252.497444804427
A8571,108.4586,29.0153,3771.9646286359493
A8885,108.6339,28.4072,1814.0022335033261
A9000,108.7931,28.9736,3722.1496690388517
A9001,109.0522,29.2811,6154.328369195911
A9002,108.8231,28.8817,976.7563773083291
A9003,108.6667,28.5656,7059.9714214729975
A9051,109.1056,29.2042,9214.293920888016
57537,108.1617,29.2922,6170.78665468512
A7065,108.4225,29.5336,162.04589957613942
A7066,108.2853,29.1414,802.7214826172689
A7067,108.2339,29.4008,3434.3241834301493
A7114,108.2994,29.4192,1939.3612565014703
A7206,108.0681,29.1092,1822.1056420731009
A7207,108.4078,29.2906,1684.419470273562
A7231,108.2039,29.1419,4995.338927838239
A7232,108.2636,29.0972,4596.540945035226
A7233,108.2614,29.5322,6871.9428647352615
A7234,108.0814,29.4475,3147.7699820840025
A7235,108.4589,29.4217,5790.142671810396
A7236,108.3303,29.5172,6871.9428647352615
A7237,108.4,29.4128,5790.142671810396
A7238,107.9186,29.0725,6628.567572809567
A7239,108.2386,29.2847,6630.074019647914
A7868,108.4375,29.7092,5956.837989659438
A7869,108.3217,29.6292,7648.585180738121
A7870,107.8772,28.9947,9541.468850190358
A7871,108.5172,29.1603,2979.396901358211
A7872,108.4706,29.1347,4749.286730786834
A7873,108.3078,29.3722,4359.464876351572
A7875,108.5139,29.4683,2729.870554077841
A7876,108.4575,29.6122,3609.6885908489917
A7877,108.2772,29.69,2165.813725790378
A7878,108.2172,29.6089,2468.527371509418
A7879,108.3792,29.7267,4574.6732104692865
A7880,108.1342,29.4608,5321.863038839199
A7881,108.2139,29.3403,6630.074019647914
A7882,108.0919,29.2906,1740.7644515138113
A7883,108.5492,29.2878,6515.820532536438
A7884,107.9867,29.0692,6628.567572809567
A7885,108.1356,29.0778,6951.570280612899
A7887,108.3222,29.0111,8326.097197253459
A7888,108.4464,29.2406,5075.268311466065
A7889,108.2528,29.1875,3857.0997077290945
A7890,108.2131,29.1861,2222.205108407795
A7891,108.5117,29.3467,3133.6478216802316
A8088,108.3153,29.4408,2853.039371661421
A8089,108.2039,29.2044,2222.205108407795
A8090,108.2847,29.1342,802.7214826172689
A8091,108.0294,29.1592,6711.139374308853
A8092,108.4269,29.5936,3609.6885908489917
A8093,108.4239,29.5328,162.04589957613942
A8094,108.4964,29.2272,5075.268311466065
A8095,108.3997,29.2772,1684.419470273562
A8427,108.4811,29.3558,3133.6478216802316
A8428,108.2006,29.4114,3434.3241834301493
A8429,108.1239,29.1456,4946.050003755526
A8430,108.0997,29.3047,1740.7644515138113
A8431,108.3253,29.1708,5076.864110858736
A8432,108.3947,29.3414,5789.7323350058505
A8433,108.2858,29.4064,1939.3612565014703
A8434,108.3333,29.2722,6464.334549721467
A8435,108.0347,29.2933,5555.221483714019
A8436,107.9419,29.1675,7773.916278781554
A8497,108.4081,29.1239,6188.35200384474
A8498,108.1156,29.3758,4665.059083757868
A8524,108.3622,29.6883,4574.6732104692865
A8528,108.2792,29.7094,2165.813725790378
A8529,108.2172,29.6311,2468.527371509418
A8530,108.1592,29.3936,4472.324064297798
A8531,108.5192,29.13,2252.497444804427
A8533,108.3308,29.0856,6655.812822763817
A9125,108.5364,29.4831,2729.870554077841
A9126,108.0806,29.4192,3147.7699820840025
A9127,108.0825,29.1197,1822.1056420731009
A9128,108.4572,29.3172,4877.462767287974
57341,109.1878,31.8492,956.6961373208624
57419,106.0075,30.2636,948.4209159334756
57535,108.7231,29.5956,7447.77978835668
57615,106.4372,28.6067,2406.0763026894674
57622,107.1931,29.035,759.0508022095864
A6102,106.5542,29.5275,526.3406990569603
A6411,106.545,29.7183,1792.432980848722
A6412,106.5267,29.7072,1152.202251600428
A6413,106.5178,29.7003,1152.202251600428
A8000,106.5106,29.6022,311.3457946050846
A8001,106.5619,29.5214,481.7916969820985
A8002,106.4889,29.5222,3034.4423543700727
A8004,106.3167,29.5,4776.376498415143
A8007,106.4828,29.47,3633.555803320493
A8008,106.5333,29.5486,2097.3593392363414
A8009,106.5706,29.5383,1980.079363829592
A8010,106.7025,29.6336,1398.0346214319552
A8011,106.61,29.5522,1214.821027306792
A8031,106.5581,29.5242,481.7916969820985
A8032,106.7281,29.5789,1934.42704381143
A8033,106.7114,29.5203,1325.5536096334008
A8034,106.3656,29.4942,4144.527726961581
A8035,106.5436,29.4881,3071.5212617324587
A8036,106.4475,29.4589,3184.432496875779
A8037,106.8397,29.6367,2447.2580406940424
A8041,106.3103,29.5906,3656.1263459516986
A8042,106.3731,29.5997,2330.040507439728
A8043,106.6131,29.5944,4701.993158012695
A8044,106.6569,29.5069,4739.811982515148
A8045,106.5106,29.5025,3034.4423543700727
A8046,106.3297,29.3006,3515.703124544326
A8047,106.4928,29.4311,2303.8121584313326
A8048,106.4281,29.4047,2081.526446652114
A8049,106.9278,29.7719,2393.8092141621773
A8051,106.4725,29.4203,2303.8121584313326
A8053,106.4475,29.3897,2194.734577690447
A8054,106.4031,29.4253,3333.2586358721583
A8055,106.5244,29.5658,2097.3593392363414
A8056,106.8056,29.5956,1338.571595821927
A8057,106.8144,29.6358,1296.3206152020537
A8058,106.8103,29.6247,931.375862012847
A8059,106.8008,29.6233,931.375862012847
A8061,106.7311,29.5961,1934.42704381143
A8062,106.7086,29.6222,1398.0346214319552
A8063,106.3639,29.3111,2868.699852373803
A8064,106.3383,29.3408,2000.7178335011781
A8065,106.2986,29.3722,5195.6197794987975
A8066,106.3458,29.4403,5794.368684345026
A8067,106.4139,29.4758,2967.560757677202
A8068,106.3578,29.3467,2000.7178335011781
A8069,106.4492,29.4303,2324.155607958249
A8070,106.7228,29.5578,1428.0563671152775
A8071,106.7244,29.5031,2289.1876748181917
A8072,106.71,29.5514,1428.0563671152775
A8073,106.725,29.5278,1129.8472458185345
A8074,106.7056,29.5311,1290.841515399216
A8075,106.6917,29.5369,1491.4300769957297
A8076,106.7178,29.5358,1129.8472458185345
A8142,106.3514,29.5739,3554.30211401947
A8143,106.3881,29.5833,2307.5920418865244
A8144,106.2678,29.5658,2182.3288139962638
A8145,106.275,29.5472,2182.3288139962638
A8208,106.6036,29.5428,1214.821027306792
A8540,106.7508,29.6292,4144.067586281873
A8550,106.3756,29.825,1160.3747420104762
A8551,106.3856,29.8308,1160.3747420104762
A8552,106.3583,29.8378,2193.300985695657
A9104,106.5214,29.6183,1810.2997308293313
A9221,106.4489,29.4094,2081.526446652114
A9900,106.5106,29.605,311.3457946050846
A9940,106.4939,29.5856,939.9419335630911
A9941,106.5269,29.5856,2214.8941139464387
